"","player_name","position_group","position_group_rank","position","dollars","dollars_sd","h","hr","r","rbi","sb","avg","ab","hr_per600","r_per600","rbi_per600","sb_per600"
"1","Blake Dunn","",1,NA,15.5517962404652,NA,54.60775,8.51705,36.0611,39.05885,14.0167,0.241693196770977,225.9383,22.6178120309837,95.7635779325595,103.724379620454,37.2226399862263
"2","Kris Bryant","CI/OF",1,"1B/OF",3.47202052128085,11.0791569715725,117.0904,16.9222,64.18672,59.63022,2.86391,0.268163681660177,436.6378,23.253415073088,88.2013238432403,81.9400702367042,3.93540366867
"3","Andrew Benintendi","OF",2,"OF",2.65207493261688,3.92674219060871,140.1288,9.405544,69.52742,53.89294,11.63898,0.267294460187606,524.2488,10.7645957415639,79.5737672647033,61.6801869646626,13.3207515210335
"4","Austin Hays","OF",3,"OF",1.60632727907637,3.77100108057498,123.6686,16.48908,63.2304,63.31688,4.432304,0.25393869180771,487.0018,20.3150132093968,77.901642252657,78.0081880600852,5.46072396446995
"5","Mitch Garver","C",1,"C",1.25685032565862,NA,89.36568,20.53466,54.21048,59.03454,1.029156,0.23171997062716,385.6624,31.9471019212659,84.3387584581748,91.8438613668328,1.60112471425786
"6","Josh Bell","CI",1,"1B",0.206274433601748,5.21706472669672,133.5464,20.23432,69.24216,71.7942,0.5654698,0.254220400847183,525.3174,23.1109649137836,79.0860839560997,82.0009388609629,0.645860731055168
"7","Trevor Story","MI",1,"SS",0.165914826179949,7.6845722652621,109.4782,18.71164,65.21932,62.94736,19.55088,0.238301631091343,459.4102,24.4378204924488,85.1778911308456,82.2106605382292,25.5338867095245
"8","José Abreu","CI",2,"1B",-0.575176197973489,2.95819507449262,133.5972,17.89366,67.58054,74.46522,0.7937988,0.255335496085602,523.2222,20.5193816317427,77.4973309618743,85.3922711995018,0.910281100457893
"9","Byron Buxton","OF",4,"OF",-2.04108348715154,7.61191726286356,94.92378,24.84062,65.2136,64.25382,9.91332,0.233749676181433,406.0916,36.7019953133726,96.3530395605327,94.9349654117445,14.6469220244891
"10","Joc Pederson","OF",5,"OF",-3.23979865331302,6.40671867522494,94.38572,18.06168,56.22792,59.24236,1.562644,0.252493671989989,373.8142,28.9903593817463,90.250054706322,95.0884583838709,2.50816154121486
"11","Endy Rodríguez","C",2,"C",-3.36289713612696,NA,56.6124,5.01135,33.05415,28.05455,1.0024,0.249453063965409,226.9461,13.2490049399395,87.3885473246731,74.1706070295986,2.65014468193108
"12","Chandler Simpson","",2,NA,-3.97739030716732,NA,59.1025,0.0048,35.04815,18.5405,22.03085,0.253165831169093,233.4537,0.0123364932746836,90.0773472427295,47.6509903248481,56.6215485126173
"13","Ty France","CI",3,"1B",-4.36541534343566,4.7330832846779,139.856,14.92968,68.35588,65.9581,0.59450174,0.2601740719616,537.5478,16.6642073504905,76.2974529892969,73.6210993701397,0.663570837793402
"14","Ryan Ritter","",3,NA,-4.37887115310872,NA,54.09905,9.0139,35.05085,37.05125,5.0071,0.227350587907006,237.9543,22.7284818975745,88.3804579282661,93.4244516699215,12.6253654588297
"15","Hunter Renfroe","CI/OF",6,"1B/OF",-5.65730032987205,4.21999629228585,103.4161,18.92768,54.39472,60.53406,0.865449,0.242794082569066,425.9416,26.6623593469152,76.6227858466982,85.2709291602417,1.21910938025307
"16","Yonathan Perlaza","",4,NA,-5.6689730192543,NA,56.1051,7.51535,32.5591,33.05735,3.5065,0.239316308585044,234.4391,19.234035619485,83.3285062090752,84.6036774582397,8.97418562006082
"17","Alan Roden","",5,NA,-5.94916155610778,NA,57.112,3.01,35.05765,30.55135,6.0083,0.252781953655904,225.93385,7.99349012996503,93.1006575597238,81.1335264724609,15.9559092185611
"18","Grant McCray","",6,NA,-6.15032933036853,NA,55.58965,5.5095,37.04635,30.54325,11.51445,0.218469793973316,254.45005,12.9915478499611,87.3562807317192,72.0217975983892,27.1513800056239
"19","Yanquiel Fernandez","",7,NA,-6.27142509477918,NA,63.11695,8.51745,30.05675,35.0612,0.50245,0.24562603419317,256.9636,19.8879140858861,70.1813408591723,81.8665367390557,1.17320118491491
"20","Seth Brown","CI/OF",7,"1B/OF",-6.40095555395324,5.80379158898178,95.78846,19.8835,52.56438,60.14458,5.959126,0.230405610836045,415.7384,28.6961704764342,75.8617149630633,86.8015752213411,8.60030153577346
"21","Samuel Basallo","",8,NA,-6.44397646779718,NA,48.10075,7.51475,28.5531,30.5537,2.5055,0.2242972633829,214.4509,21.0250924570613,79.8870976992869,85.4844628770502,7.0099962275747
"22","Agustin Ramirez","",9,NA,-6.52064878268771,NA,50.60295,7.0135,28.55505,27.0543,3.0054,0.235418237290075,214.94915,19.5771883722266,79.7073633461682,75.5182330332546,8.38914692149283
"23","Wilfred Veras","",10,NA,-6.65745588053699,NA,62.1108,8.01515,30.5517,35.0551,5.5078,0.231354522119942,268.4659,17.9132247335695,68.280627074053,78.3453690021712,12.3094962898454
"24","Henry Davis","C/OF",8,"C/OF",-6.79334663932559,4.00700573247506,99.23978,14.55322,54.67302,55.00486,8.564272,0.243678153581419,407.2576,21.4408079800107,80.5480658924474,81.036955479775,12.6174765062702
"25","Edwin Arroyo","",11,NA,-6.8492044980305,NA,61.09945,6.51035,35.54875,34.048,8.01015,0.231912203550148,263.4594,14.8266108554107,80.9583943484271,77.5406001835577,18.2422414990697
"26","Joey Meneses","CI",4,"1B",-7.54225732408689,6.31069007743567,134.897,15.70292,57.3464,67.89394,0.5188136,0.259913242151659,519.0078,18.1533919143412,66.2954198376209,78.4889244439101,0.599775494703548
"27","Jared Serna","",12,NA,-7.93139227551491,NA,59.59915,7.00975,36.0485,31.54755,6.5091,0.234679141589734,253.96015,16.5610628281642,85.1672988852779,74.5334651912908,15.3782394600098
"28","Sandro Fabian","",13,NA,-7.97370597447124,NA,53.1098,8.5174,26.0559,31.0608,1.50445,0.256611416811034,206.96585,24.6921895568762,75.5368095751062,90.0461597891633,4.36144417062042
"29","Seth Stephenson","",14,NA,-7.98596550922857,NA,50.0934,1.50585,36.5438,26.5391,17.5207,0.220232347161805,227.45705,3.9722224481501,96.3974517386909,70.0064473710531,46.2171649548783
"30","Moises Ballesteros","",15,NA,-9.24562127828434,NA,53.09745,6.50975,25.54815,27.0457,1.0033,0.245311710985826,216.4489,18.0451367505217,70.8199025266472,74.9711363744514,2.78116451504258
"31","Yoán Moncada","CI",5,"3B",-9.35188247855623,7.15721209897735,123.5176,17.17378,63.85092,61.7966,2.524716,0.247556355639893,498.9474,20.6520126169612,76.7827470390666,74.3123623852935,3.03605069392084
"32","Kyle Teel","",16,NA,-9.6016458547704,NA,53.58915,3.0075,25.5457,25.5413,3.0057,0.260840646421951,205.44785,8.78325083470087,74.6049179877034,74.5920680114199,8.77799402622125
"33","Mike Yastrzemski","OF",9,"OF",-9.7671929207216,3.10146864606173,93.57626,16.6358,57.93412,54.91916,3.778558,0.229227503304555,408.2244,24.4509637346518,85.1504025727027,80.719075096932,5.55364843453747
"34","Shay Whitcomb","",17,NA,-9.85125197488543,NA,55.0937,10.0163,31.55165,35.05495,6.01055,0.218657811401749,251.9631,23.8518259221291,75.1339779515334,83.4763899952017,14.3129291551025
"35","Elier Hernandez","",18,NA,-9.87758016016071,NA,57.60495,6.5118,31.0517,31.55175,2.50655,0.242588474542296,237.45955,16.4536654769202,78.4597629364664,79.7232623408913,6.33341552277009
"36","Corey Rosier","",19,NA,-10.2288756873719,NA,49.61035,2.5083,30.55595,24.54965,12.5231,0.24626711379312,201.44935,7.47076126083306,91.0083353458326,73.1190743479688,37.2990034467721
"37","Matt Wallner","OF",10,"OF",-10.6861564032169,6.95082158600247,89.0494,16.73256,54.64204,56.94338,2.574414,0.227674225007568,391.1264,25.6682647860129,83.8225801173227,87.3529068863672,3.94923073461674
"38","Harry Ford","",20,NA,-11.011917739956,NA,51.58225,5.0096,33.5494,29.04195,5.5078,0.208054353139717,247.9268,12.1235784110471,81.1918679223061,70.2835272346515,13.3292568612994
"39","Shea Langeliers","C",3,"C",-11.1736632526674,6.0348208175479,89.70258,18.55212,47.94086,54.65582,2.831948,0.2198547382848,408.0084,27.2819677241939,70.4998132391392,80.374551112183,4.16454367115971
"40","Elias Díaz","C",4,"C",-11.181203415453,6.91027973825805,98.77448,12.7306,44.77784,51.09012,0.4858516,0.254062134755626,388.7808,19.6469578744629,69.10501753173,78.846671440565,0.749808015210628
"41","Jamie Westbrook","",21,NA,-11.1848280552152,NA,54.60885,6.01275,28.0578,32.55415,1.5034,0.263890801706604,206.9373,17.4335414640087,81.3515978028127,94.3884451957187,4.35900149465563
"42","Ryan Noda","CI",6,"1B",-11.3312797128428,5.51538031422191,94.5306,17.73826,63.21634,54.1342,5.486162,0.212738578286085,444.351,23.9516868421586,85.3600059412491,73.0965385472296,7.40787620597231
"43","Tommy Pham","OF",11,"OF",-11.4821635549635,2.83905748494525,88.65684,11.48006,51.00594,44.6768,12.29858,0.247042379894837,358.873,19.1935197131018,85.2768639602311,74.6951707149883,20.5620038286525
"44","Josh Lester","",22,NA,-11.4833489485359,NA,53.10265,10.0172,29.5543,35.05805,1.0025,0.231426599700119,229.45785,26.1935688842199,77.2803371076649,91.6718691472094,2.62139647869968
"45","Mike Antico","",23,NA,-12.2131642666818,NA,52.5999,5.01105,29.55355,28.05005,13.02145,0.221053865802398,237.9506,12.6355218267993,74.5202155405366,70.7290925091174,32.833999998319
"46","Bladimir Restituyo","",24,NA,-12.339529820042,NA,56.62345,4.51315,28.0535,26.55685,6.012,0.254515555427701,222.4754,12.1716378529941,75.6582525528665,71.6218961736893,16.2139274724307
"47","Drew Avans","",25,NA,-12.5092316243289,NA,52.5945,4.00805,35.55245,26.0452,8.5157,0.227739492468872,230.9415,10.4131565786141,92.36741772267,67.6670065795883,22.1243042069095
"48","Anthony Rendon","CI",7,"3B",-12.582851963371,NA,94.57672,12.05132,53.90108,47.85326,3.239108,0.25607133206656,369.3374,19.5777411115148,87.5639672559562,77.7390970965843,5.26203086933519
"49","Andrew McCutchen","OF",12,"OF",-12.8837612371753,5.13438750072815,93.13886,12.33182,53.4846,47.9332,7.632406,0.239724362511737,388.5248,19.0440661702934,82.5964262770356,74.0233828059367,11.7867472037821
"50","R.J. Yeager","",26,NA,-13.1463796723198,NA,58.6008,5.0105,32.54925,29.54875,4.00555,0.248882169067681,235.456,12.7679906224518,82.9435223566186,75.2975078146235,10.2071299945637
"51","Gabriel Rincones Jr.","",27,NA,-13.3771805048345,NA,53.08805,6.01135,33.0472,31.04595,7.5089,0.214537912250003,247.453,14.5757376148198,80.1296407802694,75.2772041559407,18.2068514020844
"52","Dru Baker","",28,NA,-13.4499081512447,NA,49.60835,4.0118,28.055,26.5524,12.0157,0.230790022709917,214.95015,11.1983173773082,78.3111805225537,74.1169057104636,33.5399626378488
"53","Whit Merrifield","MI/OF",13,"2B/OF",-13.4884937246765,9.52400300326414,104.09582,7.783736,52.0273,45.42684,18.51306,0.257380184836558,404.4438,11.547319058915,77.1834801275233,67.3915733162432,27.4644734324027
"54","Wynton Bernard","",29,NA,-13.9786136336384,NA,51.60935,4.0102,30.5522,24.04855,10.51845,0.23463701501223,219.954,10.9391963774244,83.3416077907199,65.6006710494012,28.6926811969775
"55","Kyle Isbel","OF",14,"OF",-13.9974105772799,2.21916483260385,92.93192,9.587028,51.61786,43.42302,12.06928,0.244280233292923,380.4316,15.1202392230298,81.40942024795,68.4848787535,19.0351379853829
"56","Matt Koperniak","",30,NA,-14.0831554538715,NA,58.61235,5.01095,26.5542,28.5524,3.00585,0.255447601564788,229.4496,13.1034004853353,69.437994226183,74.6631940086189,7.86015752478976
"57","Rafael Lantigua","",31,NA,-14.1170127504377,NA,56.6052,4.00715,34.05405,27.546,7.01075,0.241970450256664,233.93435,10.2776270351062,87.3425813695167,70.6505906464784,17.9813268124155
"58","Wilderd Patiño","",32,NA,-14.2993666486988,NA,47.59305,3.00625,30.54515,26.0398,14.519,0.218363120240675,217.9537,8.2758402357932,84.0870790447696,71.6843990260317,39.9690392959606
"59","Spencer Jones","",33,NA,-14.3277847164964,NA,52.6016,6.5137,28.0542,29.5539,11.0162,0.214738842033564,244.95615,15.9547739462757,68.716462109647,72.3898542657533,26.9832784357527
"60","Nolan Schanuel","CI",8,"1B",-14.3484172763297,4.07999062004028,110.9656,10.633108,63.22204,48.93088,2.87943,0.26251136127604,422.7078,15.0928485350874,89.7386421542257,69.4534806313013,4.08712117448507
"61","Eddinson Paulino","",34,NA,-14.3844334539174,NA,58.0964,5.0083,33.0481,29.54525,6.50945,0.236688213011407,245.4554,12.2424684891838,80.7839631965726,72.2214707845091,15.9119334917871
"62","Abimelec Ortiz","",35,NA,-14.6405352970287,NA,46.0952,10.5212,27.5553,33.06065,0.50285,0.227120577370079,202.95475,31.1040761549065,81.4623949427151,97.7379933211713,1.48658752751537
"63","Luke Raley","CI/OF",15,"1B/OF",-14.788095695197,2.77627420255213,77.2561,15.21328,47.81316,46.44092,9.000564,0.226936281911037,340.4308,26.8129910689632,84.2693904311831,81.8508548580211,15.8632485662284
"64","Kevin Alcántara","",36,NA,-14.8244344874636,NA,50.6001,6.012,31.0485,27.5492,4.00625,0.232153892951574,217.9593,16.5498788076489,85.4705442713387,75.8376449181109,11.0284351252734
"65","Daniel Johnson","",37,NA,-14.8389291444401,NA,50.60215,6.51495,25.5546,29.055,5.51165,0.235959271243243,214.4529,18.2276387962112,71.4970979641683,81.290577091753,15.4205888565741
"66","Jesus Rodriguez","",38,NA,-15.0496755938392,NA,49.09685,3.5079,24.5482,23.54445,4.5067,0.240728478363569,203.95115,10.3198241343577,72.2178815858601,69.2649685966468,13.2581748129393
"67","Trenton Brooks","",39,NA,-15.2421704356921,NA,50.59855,5.5119,28.05415,28.5506,1.5038,0.248109885427319,203.93605,16.2165541599928,82.5380799520242,83.9986848818539,4.42432811658361
"68","Blaze Jordan","",40,NA,-15.4284911047227,NA,67.619,6.0136,27.557,32.55825,0.50225,0.263664542930833,256.45845,14.0691796273431,64.4712623038937,76.1719880939778,1.17504414457781
"69","Drake Baldwin","",41,NA,-15.6144124198251,NA,47.6004,5.51205,24.05655,27.5519,0.0022,0.23340377066507,203.94015,16.2166694493458,70.7753230543373,81.0587812159597,0.00647248714880322
"70","Gavin Lux","MI",2,"2B",-15.6908979587781,6.21172733568192,101.00376,9.487762,57.30976,47.16866,7.953728,0.257110783130291,392.8414,14.4909808385776,87.5311410660893,72.0422949312369,12.1479986579826
"71","Jimmy Crooks","",42,NA,-15.7375311466803,NA,48.5924,4.5092,28.54665,25.0448,0.5027,0.230895899792613,210.45155,12.8557855715484,81.3868560245814,71.4030378963709,1.43320398448004
"72","Nathan Hickey","",43,NA,-16.2524751438559,NA,40.5984,6.51545,22.55705,25.0557,0.5028,0.231409952046092,175.4393,22.2827496461739,77.1448016493454,85.690150382497,1.71956910452789
"73","Austin Wells","C",5,"C",-16.4375840520358,7.50685036009015,76.01936,13.26364,41.63942,46.8598,3.617442,0.230080023244271,330.404,24.0862217164441,75.6154647038172,85.0954588927495,6.56912507112505
"74","Drew Gilbert","",44,NA,-16.5047763086533,NA,52.6072,6.0146,31.5569,29.0555,3.50675,0.224870188367125,233.94475,15.4256934596737,80.9342376779133,74.5188767860788,8.993790200464
"75","Elijah Dunham","",45,NA,-16.6031280440454,NA,48.592,6.0125,28.55435,27.55035,9.51515,0.215063852613633,225.9422,15.9664728412842,75.8274018753469,73.161233271164,25.2679225040741
"76","Jacob Melton","",46,NA,-16.6539795452057,NA,43.60315,6.5184,28.56065,24.0612,10.5184,0.213793226872652,203.9501,19.176455417281,84.0224643184779,70.7855499948272,30.9440397430548
"77","Tsung-Che Cheng","",47,NA,-16.6806702416123,NA,58.10705,3.0073,33.55115,26.54705,7.512,0.242161594705264,239.95155,7.51976805317573,83.8948112650241,66.381025669557,18.7837919780056
"78","Elehuris Montero","CI",9,"1B/3B",-17.0267416546583,6.49789504410076,94.62712,16.44552,49.03854,55.73074,0.8048814,0.250889447793097,377.1666,26.1616802760372,78.0109479471406,88.656959550501,1.28041252857491
"79","Jake Scheiner","",48,NA,-17.0419759342298,NA,51.59125,9.01595,33.05365,34.05375,1.00335,0.221001391773841,233.4431,23.1729702013039,84.9551346773582,87.5256111660615,2.5788297019702
"80","Austin Gauthier","",49,NA,-17.1241416211856,NA,55.10305,3.5078,37.0572,26.5476,4.0071,0.239134727384141,230.4268,9.13383339090766,96.4919011156689,69.126334263202,10.4339425795958
"81","Wilmer Flores","CI",10,"1B/3B",-17.2788637332332,4.39330979266073,92.63564,15.23504,47.95988,51.93318,0.192416126,0.255803596330437,362.1358,25.241978285494,79.4617046975196,86.0448152322968,0.318802160957298
"82","Ben Rice","",50,NA,-17.2811941920806,NA,32.6044,6.01895,19.5611,22.56205,2.00655,0.238962135476178,136.4417,26.4682278218463,86.0195966482388,99.2162220201009,8.82376868655257
"83","Brian O'Keefe","",51,NA,-17.3703171627605,NA,41.0918,7.0146,22.05135,25.55225,0.5039,0.224607336997368,182.9495,23.0050369090924,72.3194652076119,83.8009942634443,1.652587189361
"84","Alex Iadisernia","",52,NA,-17.3875679349024,NA,49.58955,6.01165,28.5476,27.5473,6.51015,0.222419546545267,222.955,16.1781076898926,76.8251889394721,74.133255589693,17.5196340068624
"85","Edgar Quero","",53,NA,-17.4460393533976,NA,49.59635,4.0096,25.5508,26.54465,1.0032,0.231293787579262,214.4301,11.2193204218997,71.494067297455,74.2749735228403,2.80706859717922
"86","Ronaldo Hernández","",54,NA,-17.4603034829221,NA,46.1075,5.514,19.55445,24.5557,0.50235,0.247285265536347,186.4547,17.7437200563998,62.9250429192721,79.0187643432963,1.61653205845709
"87","Ruben Cardenas","",55,NA,-17.4820200344664,NA,50.59925,7.5159,28.0544,29.5554,2.5062,0.224438075907324,225.4486,20.0025194212783,74.6628721579997,78.6575742763539,6.66990169821414
"88","Diego Cartaya","",56,NA,-17.5517904915609,NA,39.0896,8.019,25.0552,28.5581,0.002,0.201547481829476,193.94735,24.8077635502625,77.5113452181739,88.3479975364448,0.00618724617789312
"89","Carter Howell","",57,NA,-17.8099425080004,NA,58.599,3.0075,35.04475,25.04305,3.50515,0.238247945127228,245.95805,7.33661695561499,85.4895784057485,61.0910275146514,8.55060446283421
"90","Henry Ramos","",58,NA,-18.1075265217117,NA,44.609,5.0113,25.0542,23.55245,2.0062,0.26405201367111,168.9402,17.7978953499522,88.9813081788704,83.6477641200851,7.12512474828371
"91","Victor Bericoto","",59,NA,-18.2157539523153,NA,56.6063,7.0152,29.0527,29.05555,0.50245,0.232509938590937,243.45755,17.2889277822766,71.6002440671895,71.6072678789382,1.23828568881926
"92","César Prieto","",60,NA,-18.2636744331725,NA,66.126,3.50735,27.0522,28.5515,2.5054,0.263485995507756,250.9659,8.38524277601061,64.6754001240806,68.2598711617794,5.98981774017904
"93","Rowdy Tellez","CI",11,"1B",-18.3028572077988,2.33238564065535,90.76544,18.61746,45.72744,58.1008,0.834319,0.239776025208259,378.5426,29.509164886594,72.4791978498589,92.0912996317984,1.32241760900887
"94","Trent Grisham","OF",16,"OF",-18.3196846983385,10.6625423935128,70.11694,13.95006,48.51178,42.14214,9.644174,0.216430882935785,323.9692,25.8359004497958,89.8451704668222,78.0484194176483,17.8612794055731
"95","Jase Bowen","",61,NA,-18.567917625424,NA,53.0952,5.01245,28.54755,29.5491,6.5091,0.221265725195214,239.96125,12.5331485812814,71.3803999604103,73.8846792971782,16.2753777953732
"96","Michael Massey","MI",3,"2B",-18.6165668622241,4.57753139370883,96.59206,13.01494,47.9086,50.68562,5.959202,0.247034094018777,391.007,19.9714173915045,73.5157171099239,77.7770525847363,9.14439178838231
"97","Eliezer Alfonzo","",62,NA,-18.6198243479223,NA,48.60405,3.00825,21.5456,20.04475,0.5027,0.267113852738554,181.96005,9.91948507378405,71.0450453272573,66.096101864118,1.65761660320493
"98","Eddie Rosario","OF",17,"OF",-18.6418265463609,4.21841220665708,86.26038,12.69236,41.2804,45.65558,4.64513,0.243065588533982,354.8852,21.4588154141114,69.7922595814083,77.1893220680941,7.85346359893284
"99","Travis d'Arnaud","C",6,"C",-18.6935463112421,NA,72.8884,11.43122,38.28382,41.98192,0.3193268,0.247742263535032,294.2106,23.3123211740162,78.0743181924784,85.6160587008082,0.651220860159355
"100","Bryan Lavastida","",63,NA,-18.7364787122674,NA,43.5962,3.5102,24.05115,22.04745,4.0083,0.232584950922165,187.44205,11.2361127079009,76.9874742620453,70.5736519633668,12.8305254877441
"101","JJ Bleday","OF",18,"OF",-18.7752235256883,3.31068321485415,86.89572,15.06844,51.7283,50.45042,5.115388,0.211768989351565,410.3326,22.0335016033335,75.6385917180356,73.7700392315892,7.47986584541418
"102","Danny Jansen","C",7,"C",-18.7779949442672,5.23176429548554,60.55074,14.52284,36.5927,42.493,0.6890032,0.234508456143775,258.2028,33.7475193917339,85.0324628547793,98.743313395517,1.60107450422691
"103","Robert Perez Jr.","",64,NA,-18.7953501211102,NA,51.0975,7.5147,27.55145,34.55255,0.5025,0.216559518849864,235.9513,19.1091127703047,70.0605167252734,87.8635972762176,1.27780605574116
"104","Justice Bigbie","",65,NA,-18.8168364709249,NA,53.12115,4.5118,26.0547,26.55445,1.50365,0.253615990638564,209.45505,12.9243959503483,74.6356795885322,76.0672516609172,4.30732035346009
"105","Mark Contreras","",66,NA,-18.9327945876508,NA,44.09895,5.0128,25.0542,26.5523,6.51265,0.231552420042941,190.4491,15.7925660977132,78.931956097456,83.6516423548339,20.517765639218
"106","Dalton Rushing","",67,NA,-18.9332783808093,NA,33.5803,6.0136,22.0524,26.04835,0.5026,0.216046835035432,155.43065,23.2139542619168,85.1276115746798,100.552947568578,1.94015787748427
"107","Daniel Mateo","",68,NA,-18.9540682517412,NA,52.1036,4.51005,25.04655,25.5479,9.5159,0.231083763406977,225.47495,12.0014662382673,66.650109025415,67.9842261856583,25.3222808121257
"108","Javier Vaz","",69,NA,-19.0590307599434,NA,60.1135,2.50585,27.05325,22.54595,7.51015,0.265467869261927,226.4436,6.63966656597934,71.6820877251554,59.7392463288872,19.8993921665262
"109","Tyler Tolbert","",70,NA,-19.140070599373,NA,53.60325,2.5053,33.0486,23.54255,13.0207,0.227172892458169,235.95795,6.37054186985435,84.0368379196378,59.8646072319242,33.1093739371782
"110","Cole Young","",71,NA,-19.186468017131,NA,59.59265,4.5068,38.04685,31.04085,5.5071,0.215570056881702,276.44215,9.7817210580948,82.5782537142039,67.3721789531734,11.9528082096019
"111","Brendon Davis","",72,NA,-19.3259505614791,NA,45.59545,8.01775,27.0582,38.0588,2.0055,0.217182260059317,209.94095,22.9143004259055,77.3308875662418,108.770013663366,5.73161167461612
"112","Jake Thompson","",73,NA,-19.4283548171995,NA,42.60565,6.01425,24.55525,25.5544,1.5036,0.24778729409411,171.94445,20.9867198388782,85.6855222718733,89.1720552771549,5.24681081593503
"113","Andrés Chaparro","",74,NA,-19.6340164623606,NA,57.6052,7.01505,29.55645,31.0564,1.00265,0.241586188892023,238.44575,17.6519396969751,74.3727661323383,78.1470837706271,2.52296381881413
"114","Yasiel Puig","",75,NA,-19.8136365791807,NA,42.6046,5.5138,23.054,24.05375,5.00595,0.244924262762712,173.9501,19.0185576208349,79.5193564131323,82.9677591447202,17.2668483662844
"115","Jason Heyward","OF",19,"OF",-19.8974498361594,NA,75.94258,10.94684,42.5671,40.86638,2.900762,0.243420216718048,311.9814,21.0528704595851,81.8646880871744,78.5938777119405,5.57872103913887
"116","Ismael Munguia","",76,NA,-19.9352172974401,NA,47.61595,2.5088,25.5514,21.0497,4.50975,0.269080440251235,176.95805,8.50642284993534,86.6354483449609,71.3718307813632,15.2909121681664
"117","Yan Gomes","C",8,"C",-20.0775771938103,NA,82.04656,9.312748,36.97252,42.09144,1.387158,0.250062967916231,328.1036,17.0301356035106,67.6113032590926,76.9722246266118,2.53668292575882
"118","Joey Gallo","CI/OF",20,"1B/OF",-20.234624209191,3.00340478129236,61.9784,20.3357,47.38544,50.84168,2.480526,0.187235626319036,331.0182,36.8602693144969,85.8903347308396,92.1550778778931,4.49617453058472
"119","Jud Fabian","",77,NA,-20.2555610692569,NA,45.58835,8.01575,27.5542,28.55225,7.01135,0.200884602843067,226.938,21.1927927451551,72.8503820426725,75.4891203764905,18.5372656849007
"120","Connor Wong","C",9,"C",-20.2672624470472,7.25864668458299,75.59482,10.368786,40.32356,38.36212,5.842202,0.234848499911149,321.8876,19.3274658607539,75.1633054519652,71.5071720687594,10.8898919995676
"121","Luke Waddell","",78,NA,-20.3820179650757,NA,57.6058,3.50665,28.55615,24.0461,6.01085,0.252727736972012,227.9362,9.23060926697909,75.1687972336119,63.2969225599093,15.8224538269919
"122","Isiah Gilliam","",79,NA,-20.394520134144,NA,44.5913,7.5156,25.05385,29.05215,6.01005,0.209408109431919,212.9397,21.176699319103,70.5942104736693,81.8602167655914,16.9345124464813
"123","Dylan Beavers","",80,NA,-20.6758934714974,NA,54.1075,3.51045,28.05545,26.551,6.5109,0.230791755520906,234.44295,8.98414731601014,71.8011354148205,67.9508596867596,16.6630730418637
"124","Dominic Canzone","OF",21,"OF",-20.7875595267122,7.84997257764863,77.9293,11.736004,40.38066,42.38866,4.076166,0.243214403865,320.414,21.9765753056983,75.6159094171915,79.3760447421149,7.63293613887034
"125","Jerar Encarnación","",81,NA,-20.8171293825802,NA,47.0924,8.51765,25.5536,30.05545,2.0039,0.214112762884587,219.94205,23.2360751388832,69.7099986109978,81.9910062673327,5.46662177605419
"126","DaShawn Keirsey Jr.","",82,NA,-20.817779260169,NA,51.605,4.00945,24.0515,25.0483,9.515,0.231460197412831,222.9541,10.7899787445039,64.7258785552721,67.4084037925295,25.6061673680816
"127","Chase Meidroth","",83,NA,-20.9767272300153,NA,51.10315,3.5081,31.5549,26.5469,3.50565,0.241701597331514,211.43075,9.95531633880124,89.5467664944669,75.3350210411683,9.94836370773882
"128","Carlos Santana","CI",12,"1B",-21.0605434071697,3.01299184258224,95.76908,15.3546,54.07052,55.97544,2.504154,0.226414186142288,422.9818,21.78051159648,76.6990731043274,79.4012035506019,3.55214432394018
"129","Jett Williams","",84,NA,-21.1409017387479,NA,48.08025,5.00775,31.04755,28.5391,10.51135,0.207304603599915,231.93045,12.9549612825741,80.3194664607429,73.8301503748214,27.1926778049195
"130","Tres Gonzalez","",85,NA,-21.1452942272383,NA,54.5971,2.0075,30.54855,22.54285,6.5091,0.240049612888447,227.4409,5.29588125970307,80.5885397041605,59.4691192305342,17.1713179115981
"131","Cayden Wallace","",86,NA,-21.1936426481304,NA,61.60765,4.50995,31.5518,27.5497,4.5074,0.242592829948776,253.95495,10.6553150470192,74.5450324949366,65.0895759267539,10.6492903564195
"132","Colby Thomas","",87,NA,-21.2237857837224,NA,56.59555,5.01115,30.044,30.5456,6.5074,0.211599795935955,267.46505,11.2414313571063,67.3972169447933,68.5224480731221,14.5979446660414
"133","Chris Taylor","MI/CI/OF",22,"SS/3B/OF",-21.3724686055598,6.18779092017975,79.25542,12.70496,49.91202,46.33892,10.52868,0.230072631212262,344.48,22.1289363678588,86.9345448211797,80.7110775661867,18.3383882954018
"134","Carson Williams","",88,NA,-21.41310022531,NA,49.08675,8.01315,29.5481,33.048,5.5085,0.202459954386782,242.45165,19.8303043101583,73.1232804561239,81.7845537450457,13.6319963176163
"135","Kevin Kiermaier","OF",23,"OF",-21.4358023413765,3.56655583707627,86.22018,6.936574,46.51514,37.76506,10.9203,0.240312891079009,358.783,11.6001716915238,77.7882006672557,63.155266553878,18.2622365050741
"136","Matt Gorski","",89,NA,-21.4536443249547,NA,43.0985,6.01495,26.05245,25.5542,6.5117,0.216622021374954,198.95715,18.1394335413429,78.5670180739923,77.0644332209222,19.637494807299
"137","Tim Lopes","",90,NA,-21.526182391193,NA,47.0972,4.0092,27.5504,23.04605,8.51785,0.225399269969241,208.9501,11.5124137294024,79.1109456276882,66.1767091760186,24.4589976267061
"138","DJ Gladney","",91,NA,-21.5384051484685,NA,45.5978,8.01725,26.05045,29.0546,3.50515,0.209682800375332,217.46085,22.1205334201536,71.8762480694801,80.1650503987269,9.67112011196498
"139","Gary Sánchez","C",10,"C",-21.5419685643244,5.83507339727501,59.71198,15.85436,35.76328,44.15702,0.7287056,0.211915494977155,281.7726,33.759904263225,76.153493987705,94.0269280973381,1.55168870216621
"140","Aaron Hicks","OF",24,"OF",-21.5976157407194,NA,76.0336,9.687774,47.16128,36.99486,6.580756,0.225031372084764,337.88,17.203339647212,83.7479815319048,65.6946726648514,11.6859642476619
"141","Jake Rogers","C",11,"C",-21.642079175239,NA,64.40768,14.23088,38.40234,42.5739,1.813192,0.211504332366353,304.5218,28.0391354576257,75.6642184566097,83.8834526789215,3.57253635043534
"142","Jake Meyers","OF",25,"OF",-21.7121298530619,2.67823568534133,79.30404,9.888058,43.8166,41.0067,6.265196,0.236996035524284,334.6218,17.7299709702117,78.5661902482146,73.5278454661352,11.2339291701856
"143","Manuel Margot","OF",26,"OF",-21.782233268752,3.00158415809348,83.25954,5.953888,39.92488,35.3325,9.916098,0.261731258416879,318.1108,11.2298381570195,75.3037243627063,66.6418744663809,18.7031021895516
"144","Davis Wendzel","",92,NA,-21.8443069358308,NA,44.5861,9.5163,28.5526,32.05245,1.00355,0.215451531004249,206.9426,27.591129134359,82.7841150154681,92.9314215632741,2.9096474094749
"145","Brayan Rocchio","MI",4,"SS",-21.878767488618,10.5984778368463,101.1402,6.763102,51.92628,45.28892,11.18632,0.24739712516988,408.8172,9.92585732694221,76.2095332583854,66.4682210044,16.4175871269604
"146","J.J. Matijevic","",93,NA,-22.1373584869222,NA,46.59555,7.51575,27.0535,28.5546,2.5064,0.225153986693385,206.9497,21.7900774922602,78.4350013554018,82.7870733806331,7.26669330760083
"147","Diego Infante","",94,NA,-22.1446717549852,NA,49.60835,4.51215,25.5511,22.0514,4.5086,0.244425655742531,202.95885,13.3391079029074,75.5358044253798,65.1897662999175,13.3286131646883
"148","Daz Cameron","",95,NA,-22.1767202306396,NA,45.0992,5.0125,25.55045,23.5492,7.01245,0.226119694647762,199.44835,15.0790919052476,76.8633583581915,70.843002712231,21.0955367642801
"149","Peyton Wilson","",96,NA,-22.2563471019339,NA,56.61305,3.00645,28.0518,27.5465,5.5092,0.242505065302783,233.451,7.72697482555226,72.0968425922356,70.798154644872,14.1593739157254
"150","Dylan Carlson","OF",27,"OF",-22.2872001810974,7.47425687368757,78.08842,8.688262,42.47126,39.43094,3.290456,0.250718941237663,311.458,16.7372717990869,81.8176319118469,75.9606881184622,6.33881165357769
"151","Cam Eden","",97,NA,-22.5281292409107,NA,40.5963,2.50785,24.55025,22.5438,14.52235,0.214287297833706,189.448,7.94260166378109,77.7529981841983,71.3983784468561,45.9936763650184
"152","J.D. Davis","CI",13,"1B/3B",-22.5889492125339,4.2042166785347,100.19544,14.67656,51.22378,51.496,1.152482,0.238066413572969,420.8718,20.9230839414758,73.0252490188224,73.4133291895537,1.64299247419285
"153","Trey Sweeney","",98,NA,-22.8093108205818,NA,46.09735,5.5112,29.0551,29.05045,5.51005,0.216989462931974,212.4405,15.5653936043269,82.0609064655751,82.0477733765455,15.5621456360722
"154","Felix Stevens","",99,NA,-22.9125485008174,NA,41.08955,9.0167,23.5488,30.05265,1.50385,0.206522856359493,198.95885,27.1916529473306,71.0160920210385,90.6297457991942,4.5351589034617
"155","Adam Duvall","OF",28,"OF",-23.1047313725293,6.8723212836164,59.59918,15.31134,36.6312,43.86448,2.233608,0.220568764368624,270.2068,33.9991591625377,81.3403659715448,97.4020194902571,4.95977451344674
"156","Nick Yorke","",100,NA,-23.1106760423613,NA,53.60665,4.51005,29.55295,26.55035,4.50785,0.233121144030556,229.9519,11.7678088330647,77.110778384523,69.2762703852414,11.762068502152
"157","Phillip Sikes","",101,NA,-23.2317925570464,NA,43.59235,3.51045,27.05105,24.0474,9.0158,0.216932027896582,200.94935,10.4815964818995,80.7697561599478,71.8013768146053,26.9196192971015
"158","A.J. Vukovich","",102,NA,-23.2533090263809,NA,56.1081,6.01485,28.55455,28.55645,7.0111,0.225823290812774,248.4602,14.5251030144868,68.9556315256931,68.9602197857041,16.9309209281809
"159","Estevan Florial","OF",29,"OF",-23.5267404899811,10.8843310336235,67.38368,9.798642,41.56446,36.16876,12.52552,0.22198894925698,303.5452,19.3684011475062,82.1580311597746,71.4926673193976,24.7584610133845
"160","Chris Newell","",103,NA,-23.6212409409014,NA,35.0862,8.01675,24.05165,25.55345,3.5077,0.206448492465638,169.95135,28.3025112774921,84.9124764234,90.2144643158175,12.3836615596169
"161","Lorenzo Cedrola","",104,NA,-23.8386967676677,NA,47.1133,2.00845,25.0515,22.04945,5.5115,0.249995688659104,188.45645,6.39442162897582,79.7579493830007,70.2001443834902,17.5472901033634
"162","Aaron Palensky","",105,NA,-23.896655568273,NA,34.0925,6.5167,24.05845,25.55645,4.50995,0.20923898200333,162.9357,23.997319187876,88.5936599529753,94.109946438994,16.6075942841256
"163","Tyrone Taylor","OF",30,"OF",-23.9221989981023,2.05399678692188,65.70924,11.52756,37.52296,38.46844,6.780642,0.231835213392475,283.4308,24.4029089287403,79.4330609094001,81.4345653330548,14.354068788572
"164","Zac Veen","",106,NA,-23.9552816078027,NA,42.1067,3.51055,20.5551,19.5498,11.02135,0.239316720234391,175.9455,11.9714911719822,70.0959103813397,66.6676897107343,37.584422448997
"165","Victor Robles","OF",31,"OF",-24.047223314819,2.48322200138293,76.68604,6.50161,41.9723,30.5019,15.5717,0.238692684651663,321.2752,12.142132352575,78.3856955034189,56.9640607180386,29.0810495176721
"166","Vaun Brown","",107,NA,-24.053108900303,NA,34.10185,4.0136,22.05245,22.55255,7.51335,0.229712393456448,148.45455,16.2215304279997,89.1280866770335,91.1493113548894,30.3662636140152
"167","Patrick Bailey","C",12,"C",-24.1107450837658,NA,82.89758,9.28702,40.7072,42.29776,1.90212,0.227195460123977,364.8734,15.2716312013975,66.9391630083202,69.5546893799329,3.12785749797053
"168","Braiden Ward","",108,NA,-24.1524563012419,NA,31.59645,0.506,24.548,19.04005,12.5236,0.232419464227655,135.9458,2.23324295417733,108.343177942974,84.0337104934467,55.2732044682513
"169","Micah Pries","",109,NA,-24.1635408897361,NA,46.60215,5.0131,24.55345,27.55325,2.50565,0.227940331300389,204.4489,14.7120380691703,72.0574676606233,80.8610366697987,7.3533777877993
"170","Gabriel Martinez","",110,NA,-24.1742362196636,NA,51.09875,5.01125,26.5469,24.5483,0.5028,0.239380509312059,213.46245,14.0856155262905,74.6179948745084,69.000332376959,1.41326964063235
"171","René Pinto","C",13,"C",-24.347126379482,NA,72.25772,12.25496,34.43608,42.42232,1.38824,0.222235713846343,325.14,22.6147997785569,63.5469274773943,78.2844067171065,2.56180107030817
"172","Robbie Tenerowicz","",111,NA,-24.4359076774454,NA,48.5953,5.51195,27.05135,31.04855,0.5027,0.229287356929253,211.9406,15.6042306193339,76.5818819046469,87.8978827086457,1.42313459525924
"173","Nick Sogard","",112,NA,-24.467602173176,NA,50.60665,2.50575,27.55335,21.5448,5.00945,0.256317575250472,197.4373,7.61482252846853,83.7329623125924,65.4733426763839,15.2234152310632
"174","Max Acosta","",113,NA,-24.4711607846954,NA,53.0978,3.507,29.04485,24.54245,7.5122,0.230896341076291,229.9638,9.15013580398306,75.7811011994062,64.033860981598,19.6001283680301
"175","Jesse Franklin V","",114,NA,-24.5065758781613,NA,37.09645,7.51645,21.55645,26.55665,5.0109,0.207877809946196,178.45315,25.2720111693181,72.4776783150087,89.2894857838038,16.8477832977451
"176","Devin Mann","",115,NA,-24.5703795421081,NA,52.0967,6.0115,28.5534,25.5494,1.003,0.236869828374438,219.9381,16.3996142551018,77.8948258623676,69.6997928053393,2.73622441950713
"177","Dominic Fletcher","OF",32,"OF",-24.7848486054518,3.04453909866389,89.5479,8.276652,44.24376,41.04082,3.82943,0.235649143748559,380.0052,13.0682190664759,69.8576124747767,64.8004079944169,6.04638568103805
"178","Michael Helman","",116,NA,-24.9026098519996,NA,44.1003,5.0113,26.5527,23.5501,5.5122,0.232781356715472,189.44945,15.8711466304072,84.0943058953193,74.5848562769646,17.4575328669468
"179","Brady Allen","",117,NA,-24.940005630823,NA,51.59045,6.01055,28.5466,28.0448,1.50295,0.215906598925289,238.948,15.0925305924302,71.6807004034351,70.4206773021745,3.77391733766342
"180","Christian Bethancourt","C",14,"C",-24.987538566813,5.24693631709871,68.50794,9.746286,34.0506,34.47944,2.438744,0.240472563329973,284.8888,20.526505780501,71.7134545127783,72.6166279615064,5.13620191457158
"181","Stone Garrett","OF",33,"OF",-25.1035591802356,5.72524682329752,65.64538,11.43622,35.48094,38.55764,5.543086,0.233056935218748,281.671,24.3608039166261,75.5795378295955,82.1333541614153,11.8075755047555
"182","Emmanuel Rodriguez","",118,NA,-25.2073144025766,NA,35.57715,6.01205,30.55085,24.5443,4.50795,0.192910016101523,184.42355,19.5594868442777,99.3935427444055,79.8519494934351,14.6660770818044
"183","Ezequiel Pagan","",119,NA,-25.269026129177,NA,49.6057,3.00775,24.5474,23.04485,3.00645,0.247464466614469,200.45585,9.00273052644759,73.4747327154583,68.9773334128188,8.99883939530825
"184","Sterlin Thompson","",120,NA,-25.2925622475831,NA,47.62035,4.5149,22.05875,25.5589,4.0082,0.261717429692124,181.9533,14.8881059040974,72.7398184039531,84.2817360278709,13.2172376098702
"185","Steward Berroa","",121,NA,-25.5026430161744,NA,38.09135,3.00895,27.05185,19.04455,13.02575,0.206522832325831,184.44135,9.78831482202879,88.0014703861146,61.953189997796,42.3736325937757
"186","Benny Montgomery","",122,NA,-25.5242123233588,NA,51.6025,3.51015,25.54845,24.547,4.5069,0.232489458510527,221.9563,9.48875972432411,69.0634597891567,66.3563052727046,12.1832090370942
"187","Ronny Simon","",123,NA,-25.5306164617135,NA,50.60005,5.51065,28.55155,26.54915,7.514,0.213545435228167,236.95215,13.9538299188254,72.2970017364265,67.2266109423358,19.0266262618845
"188","Nathan Church","",124,NA,-25.5612654031762,NA,56.60015,1.005,27.04575,22.54105,5.0087,0.246137371251144,229.9535,2.62226928487716,70.5683975238472,58.8146299143088,13.0688160867306
"189","Taylor Young","",125,NA,-25.6302158682897,NA,47.58585,2.50575,28.5478,24.039,13.5151,0.212494222769989,223.9395,6.71364364035822,76.4879800124587,64.407574367184,36.2109409014488
"190","Randal Grichuk","OF",34,"OF",-25.6359183562608,6.99950874150233,73.25012,9.72733,36.4603,38.38678,1.545614,0.248013424191308,295.3474,19.7611287588785,74.0693163373031,77.982971917139,3.1399240352209
"191","Cal Conley","",126,NA,-25.6677542120403,NA,56.09625,3.0056,33.54805,24.0419,8.01315,0.22045546943943,254.45615,7.08711500979638,79.1052996754058,56.6900819650065,18.8947683127329
"192","Yoelqui Céspedes","",127,NA,-25.6983898816243,NA,46.0966,4.5114,25.5475,27.54665,5.51,0.212961733128179,216.45485,12.5053330983344,70.8161540385905,76.3576792111611,15.2733930424751
"193","Jesús Bastidas","",128,NA,-25.8885831745639,NA,44.59985,5.51225,26.05375,27.55165,3.5074,0.224742578178934,198.4486,16.6660283821604,78.7722866273685,83.3011167627285,10.6044587868093
"194","Michael Brantley","OF",35,"OF",-26.0107325674036,NA,45.1308,3.0109,20.0631,18.55515,0.5028,0.290332168079596,155.4454,11.6217012533018,77.4410822063567,71.6205818892035,1.94074575381452
"195","Geraldo Perdomo","MI/CI",5,"2B/SS/3B",-26.0870547347148,3.32935218946361,91.64888,5.901914,54.81124,36.98062,12.93702,0.236633173562032,387.3036,9.14308155152702,84.9120534898204,57.2893512996006,20.0416727342581
"196","Brandon Lockridge","",129,NA,-26.1920836421088,NA,39.604,3.5105,21.05415,20.05045,9.5184,0.231667165344221,170.95215,12.3209915757129,73.894888130977,70.3721479957988,33.4072429039354
"197","Kala'i Rosario","",130,NA,-26.2493126888718,NA,48.58505,7.0118,27.0471,31.0457,1.00275,0.204184378072507,237.94695,17.680747746504,68.2011683696723,78.2839200082203,2.52850477806082
"198","Ripken Reyes","",131,NA,-26.3406052659149,NA,43.5927,1.50435,29.04865,27.53845,6.00995,0.225951214354244,192.9297,4.67843986695672,90.3395900164671,85.6429569941798,18.6905904067647
"199","John Rave","",132,NA,-26.3448977160367,NA,50.09945,4.5102,26.55115,23.54715,3.5073,0.227266005304746,220.4441,12.275765148625,72.2663477952007,64.0901253424338,9.54609354480342
"200","Blake Rutherford","",133,NA,-26.3663678598833,NA,49.6154,4.0113,22.051,23.0527,2.00535,0.249370547371855,198.96255,12.096648339097,66.4979414467698,69.5187109332887,6.04741947668041
"201","Matt Vierling","CI/OF",36,"3B/OF",-26.4881454945779,3.6856221961997,94.06674,8.176278,46.86864,38.13106,7.438126,0.25637188102319,366.9152,13.3703013666373,76.6421887128143,62.3540153147103,12.1632344476326
"202","Tanner Schobel","",134,NA,-26.5710885807301,NA,56.10365,5.00865,27.0506,26.04705,3.505,0.232362850123908,241.44845,12.44650773281,67.2208084168691,64.7269841657712,8.70993373533771
"203","Jake McCarthy","OF",37,"OF",-26.5876571843664,21.7773568372301,59.96554,4.051168,34.0333,24.44862,16.60344,0.258701708334818,231.79414,10.4864635490785,88.0953245841331,63.2853444871385,42.9780666586308
"204","Orlando Martinez","",135,NA,-26.5950111813703,NA,51.10415,4.5114,24.05095,24.5508,2.0058,0.236092137753888,216.4585,12.5051222289723,66.6666820660773,68.0522132417992,5.55986482397319
"205","Spencer Packard","",136,NA,-26.601435215994,NA,50.60435,4.51115,23.55325,27.54965,0.5022,0.234344331056545,215.94015,12.5344453081097,65.443827838408,76.5480157349154,1.39538663838105
"206","Zach Kokoska","",137,NA,-26.6085990058168,NA,36.60225,4.51505,20.05295,22.05365,4.50985,0.240086701391827,152.4543,17.7694561583373,78.920502734262,86.7944688998605,17.748991009109
"207","Nacho Alvarez Jr.","",138,NA,-26.6348538323301,NA,52.59545,3.00535,26.5494,25.5407,4.0063,0.241882496102986,217.44215,8.29282639083545,73.2592094035126,70.4758484038168,11.0548023922685
"208","Darius Hill","",139,NA,-26.6351005944317,NA,52.1207,2.00655,24.5514,21.0483,1.5037,0.260659085549994,199.95735,6.02093396416786,73.6699101083306,63.1583685220873,4.51206219726357
"209","Avisaíl García","OF",38,"OF",-26.719032049419,NA,69.03998,10.001554,33.48614,36.05702,4.30083,0.238446464194338,289.5408,20.7256884003912,69.3915468908009,74.7190447771091,8.91238126025762
"210","Aeverson Arteaga","",140,NA,-26.7863491752197,NA,59.0924,5.00895,30.54285,29.54345,2.504,0.220935860352073,267.46405,11.2365381440982,68.5165352128632,66.2745890522483,5.61720350828457
"211","Kameron Misner","",141,NA,-26.8668368822246,NA,41.5828,5.5121,28.5526,27.0466,6.51025,0.191689541015596,216.92785,15.245898578721,78.9735388978409,74.8080986374041,18.00667825731
"212","Billy Cook","",142,NA,-26.9034482128058,NA,45.59955,6.51385,23.0518,27.55265,7.5119,0.212132024645705,214.95835,18.181708223942,64.343069250392,76.9060145837554,20.9675037047875
"213","Chris Rotondo","",143,NA,-26.9727293113592,NA,45.0867,3.0076,29.0454,25.5413,4.5056,0.214242948092295,210.4466,8.57490688849333,82.8107462890824,72.8202783984156,12.8458240712846
"214","Jake Slaughter","",144,NA,-27.0771913145895,NA,43.5986,6.0149,24.05355,28.5532,5.51055,0.222500981128147,195.9479,18.4178549502189,73.6528944683765,87.4309956881395,16.8735158682487
"215","Mason Auer","",145,NA,-27.0973033897229,NA,46.0898,4.51035,25.54905,25.04585,13.52005,0.192882928050045,238.9522,11.3253194571969,64.1527050179911,62.8891887164044,33.9483377847118
"216","Matt Fraizer","",146,NA,-27.1411067016297,NA,51.10315,3.0082,26.54915,23.0464,5.0086,0.229209799707204,222.9536,8.09549610322506,71.4475568010564,62.0211559714667,13.4788583812955
"217","Luis Vazquez","",147,NA,-27.1416132501925,NA,52.102,5.01105,25.55045,27.0489,3.0069,0.232130481728,224.45135,13.3954640950032,68.3010817266192,72.306715909706,8.03800021697352
"218","Loidel Chapelli","",148,NA,-27.1667052878385,NA,44.089,4.50845,29.0442,24.0405,6.009,0.217243108139903,202.94775,13.3288986943684,85.8670273506358,71.073958691338,17.7651636936108
"219","Tristan Peters","",149,NA,-27.1844599939459,NA,48.60805,2.50885,26.5536,22.5493,4.5086,0.233192417608197,208.4461,7.22157910366277,76.4329963477369,64.9068512195719,12.9777434070486
"220","Sean Bouchard","OF",39,"OF",-27.3427421605183,14.8460401655078,57.14798,9.014238,33.6905,32.13174,4.672414,0.250477941076565,228.15574,23.7054864365893,88.5986914026358,84.4994914438707,12.2874331366811
"221","Tucker Bradley","",150,NA,-27.3850966884848,NA,44.60935,2.5088,23.05375,20.5488,4.00865,0.249988581951189,178.44555,8.43551436278461,77.515242044422,69.092672806915,13.4785653102585
"222","Nelson Cruz","",151,NA,-27.4110819038679,NA,44.11225,7.01635,20.5557,27.5615,1.00305,0.247193299951892,178.45245,23.5906539809344,69.1132007433913,92.6683830902854,3.37249502598591
"223","Matt Kroon","",152,NA,-27.5112058126734,NA,43.61295,3.0118,21.05695,22.0543,6.013,0.239698103045076,181.9495,9.9317667814421,69.4377835608232,72.7266631675272,19.8285788089552
"224","Nick Ward","",153,NA,-27.7753241053378,NA,45.5978,3.00755,28.5519,23.5445,6.00895,0.226918342530356,200.94365,8.98027879955401,85.253452895874,70.3017985390432,17.9421942420176
"225","Justin Dirden","",154,NA,-27.8085658000245,NA,41.59585,5.5133,22.55405,26.55345,2.0058,0.219559243627396,189.4516,17.4608184887327,71.4294838365049,84.0957268241598,6.35244041222138
"226","Patrick Wisdom","CI/OF",40,"1B/3B/OF",-27.8357703788253,5.32783802089234,57.9451,17.72524,40.10012,46.01836,4.697482,0.209097351979394,277.1202,38.3773683766106,86.8217906886614,99.6355227803675,10.1706378676112
"227","Cody Thomas","",155,NA,-27.8961481327162,NA,47.60235,6.01535,21.5533,25.5564,1.0031,0.230010323378066,206.95745,17.4393818632767,62.4861777143079,74.0917517103153,2.90813401498714
"228","Caleb Durbin","",156,NA,-27.9169808429372,NA,39.6113,2.00725,23.05615,19.0489,9.02075,0.250789905293671,157.94615,7.62506715105117,87.5848509127953,72.3622576428739,34.2676918683995
"229","River Town","",157,NA,-27.9248303569487,NA,43.0949,3.0087,21.0483,22.54355,5.50855,0.238166333277239,180.94455,9.97664754202323,69.794752038677,74.7529008196157,18.2659825896939
"230","Yoyner Fajardo","",158,NA,-27.9597556111383,NA,51.11405,2.00595,22.5521,23.0461,10.51985,0.23779174982438,214.953,5.59922401641289,62.9498541541639,64.3287602406107,29.3641400678288
"231","Dalton Guthrie","",159,NA,-28.0431468434503,NA,44.6097,2.50945,20.5556,20.5497,3.00825,0.260952808815245,170.9493,8.80769912482824,72.1463030266869,72.125595132592,10.5583936289882
"232","Haydn McGeary","",160,NA,-28.0602714046394,NA,52.10115,6.01465,24.0561,29.0538,1.50405,0.227579044844313,228.9365,15.7632793372835,63.0465653139626,76.1446077842546,3.94183539977243
"233","Terrell Tatum","",161,NA,-28.2544145222017,NA,42.58815,2.5085,29.54965,22.041,10.01535,0.200956649941572,211.92705,7.10197211729225,83.659872583514,62.4016613263857,28.355087281213
"234","Nate Furman","",162,NA,-28.2876752250827,NA,48.0914,0.0025,31.5434,18.0348,8.51085,0.240528196346118,199.9408,0.00750222065731457,94.6582188327745,54.1204196442147,25.5401098725223
"235","Marcus Lee Sang","",163,NA,-28.2899831844309,NA,47.59565,4.5109,27.5506,25.0479,5.50875,0.20788847249157,228.948,11.8216363541066,72.2013732375911,65.6425913307825,14.436684312595
"236","Bryan Ramos","",164,NA,-28.3404238193101,NA,46.1013,7.51665,24.0532,27.0547,1.0037,0.231724501913181,198.94875,22.6691044804252,72.540893069195,81.5929730646712,3.02701072512393
"237","Anthony Prato","",165,NA,-28.9473455450502,NA,45.5961,3.00725,27.05255,24.544,5.00875,0.228060092972447,199.9302,9.02489968999181,81.185983908384,73.6577065395823,15.0314959921012
"238","Marcos Castañon","",166,NA,-28.9787082372436,NA,52.60315,7.5131,27.55185,31.55225,0.0019,0.216961988143696,242.4533,18.5926939332234,68.1826562063705,78.0824595911873,0.00470193641414656
"239","Isiah Kiner-Falefa","MI/CI/OF",41,"2B/3B/OF",-29.0682748746019,3.48569634313774,91.25092,4.34358,43.1328,34.78988,15.13808,0.252959162684506,360.7338,7.22457391017975,71.7417663662235,57.8651847983194,25.1788105245475
"240","Ezequiel Duran","CI/MI/CI/OF",42,"1B/SS/3B/OF",-29.181256152058,11.1633054518594,73.0017,10.003524,38.2332,37.4865,6.479244,0.249171098737039,292.9782,20.4865563376388,78.2990679852631,76.7698757108891,13.2690637050811
"241","Joe Perez","",167,NA,-29.2363117819696,NA,54.10425,5.5128,26.5522,24.05265,1.50385,0.242128965389466,223.4522,14.8026289291401,71.2963219874318,64.584685225744,4.03804482569426
"242","Kevin Padlo","",168,NA,-29.3714455116434,NA,40.594,6.51695,25.55595,27.55745,3.0075,0.216564974560524,187.4449,20.8603701674465,81.8030791982071,88.2097619086996,9.62682900415002
"243","Kyle Manzardo","",169,NA,-29.4002137561111,4.36437427030481,75.6685,11.85578,41.72214,45.25724,0.969731,0.237479584573533,318.6316,22.3250550165144,78.5649759785282,85.2217545277995,1.82605428965614
"244","Nick Fortes","",170,NA,-29.5416526824161,NA,63.8839,7.953882,32.63518,31.00398,4.436394,0.234489509914542,272.4382,17.5171073660008,71.8735772002605,68.2811294451366,9.77042279680309
"245","Eric Hosmer","",171,NA,-29.6123156446895,NA,49.1173,4.51315,18.55405,23.057,1.00255,0.265568038384044,184.95185,14.6410538742921,60.1909632155612,74.7989273965089,3.25236000613133
"246","Zach Dezenzo","",172,NA,-29.6158000768202,NA,39.6064,5.5158,25.5577,25.55815,5.50915,0.217078345494516,182.4521,18.1388978257855,84.0473746259977,84.04885446646,18.117029072288
"247","Mauricio Dubón","MI/OF",43,"2B/SS/OF",-29.6526721408925,7.02888400113418,82.62126,7.029446,41.19204,36.1851,5.194532,0.259478287632729,318.413,13.2459026484471,77.6200217955925,68.1852185683373,9.78829130720165
"248","Jon Berti","MI/CI/OF",44,"2B/SS/3B/OF",-29.6681289011405,8.63002511836467,74.07634,5.36121,41.12816,28.05622,18.05994,0.249089373298102,297.3886,10.8165746770387,82.9786212383393,56.6051691288772,36.437052395418
"249","Drew Ellis","",173,NA,-29.6945216488734,NA,38.08895,7.01635,24.55655,27.05445,1.00385,0.211690600850509,179.92745,23.3972637304647,81.8881721493858,90.2178628108162,3.3475159015481
"250","Isaac Collins","",174,NA,-29.8100984549279,NA,42.0953,2.50735,26.55315,20.54365,7.01565,0.231385856458241,181.92685,8.26931263856874,87.5730547744876,67.7535503967666,23.137816105759
"251","Nick Solak","",175,NA,-29.8932713504689,NA,46.6007,4.51005,25.5506,24.0478,2.506,0.231911544492756,200.9417,13.466741846018,76.2925764040017,71.8053047227131,7.48276738974538
"252","Max Wagner","",176,NA,-29.8996042561355,NA,45.5961,4.5112,30.55115,24.54845,6.5099,0.212126731440638,214.94745,12.5924731835618,85.2798672419701,68.5240508784822,18.1716042688573
"253","Marcelo Mayer","",177,NA,-29.953397911418,NA,42.6029,5.51145,21.5535,23.05185,3.0071,0.238069000664424,178.9519,18.4790996910343,72.2657876222605,77.2895398148888,10.0823740904679
"254","Christian Koss","",178,NA,-30.0522194870902,NA,47.10725,3.50885,23.04965,23.04885,4.50905,0.241001624592093,195.46445,10.7708076839548,70.7534797248298,70.7510240353169,13.8410334973956
"255","Adam Frazier","MI/OF",45,"2B/OF",-30.0579072652373,7.68276040328352,86.14816,4.734764,41.26444,33.88256,7.510786,0.260297957637151,330.9598,8.58369626764338,74.8086746487036,61.4259979610817,13.6163715351532
"256","Robert Moore","",179,NA,-30.0614903664358,NA,53.5891,3.50615,28.0438,26.0397,6.51015,0.217439694873303,246.455,8.53579761011138,68.2732344647096,63.39420989633,15.8491002414234
"257","Jeremiah Jackson","",180,NA,-30.4520255117838,NA,43.09315,6.5138,23.0511,26.55045,5.51105,0.208228407304422,206.95135,18.885018145569,66.8304893879649,76.9759172868406,15.9778131430406
"258","Chandler Redmond","",181,NA,-30.5502773945352,NA,45.09175,7.51755,25.0543,28.5559,0.5024,0.209784052704046,214.94365,20.9847092482146,69.93730682437,79.7117756211919,1.40241407457257
"259","Akil Baddoo","",182,NA,-30.5511152235953,9.78271805134779,55.3874,6.843092,33.10446,25.9469,11.104798,0.23494842684485,235.7428,17.4166727467392,84.2557057946203,66.0386658680562,28.2633395378353
"260","C.J. Cron","CI",14,"1B",-30.6043284183378,NA,52.25904,9.94092,27.57308,33.32996,0.07288262,0.248143354089882,210.6002,28.3216825055247,78.5557088739707,94.9570608195054,0.207642594831344
"261","Alex McGarry","",183,NA,-30.623125881629,NA,45.60285,6.51665,21.0536,26.5572,3.50705,0.220878868589646,206.4609,18.9381621411124,61.1842726637344,77.1783906783318,10.1919055859972
"262","Ben Ross","",184,NA,-30.6565484452439,NA,46.5879,6.51215,26.54665,27.0469,2.505,0.209897905003738,221.95505,17.6039698128067,71.7622329386063,73.1145337760957,6.77164137513429
"263","James Triantos","",185,NA,-30.709352793216,NA,49.6046,2.0053,25.04545,20.5416,4.5074,0.248697779249549,199.45735,6.03226704856953,75.3407683396977,61.7924583877205,13.5589889267054
"264","Jake Holton","",186,NA,-30.7886079822795,NA,45.5985,4.51175,24.55375,25.5492,0.5024,0.23392063365849,194.9315,13.8871860114963,75.5765486850509,78.6405480899701,1.54638937267707
"265","Brandon Belt","CI",15,"1B",-31.0125832697633,3.39772963885696,62.9964,14.16514,40.34336,41.22468,1.1106206,0.226510099691713,278.1174,30.5593393293624,87.0352448282632,88.9365713903553,2.39601103706564
"266","Grant Lavigne","",187,NA,-31.0523146655163,NA,53.1025,4.5121,24.0542,27.55045,1.00305,0.231445816661266,229.43815,11.7995198270209,62.9037498776904,72.0467367785174,2.62305985294948
"267","Gavin Sheets","CI/OF",46,"1B/OF",-31.0605979760449,5.4892444355771,64.2137,10.402956,29.75248,35.46264,0.7432784,0.236529881863428,271.4824,22.9914484327529,65.7555996263478,78.3755558371371,1.64271068769099
"268","Nick Dunn","",188,NA,-31.1156842250302,NA,55.1085,2.5057,25.55245,22.5452,1.00335,0.251135002979205,219.43775,6.85123685418758,69.8670579697431,61.6444526978608,2.7434204005464
"269","Geraldo Quintero","",189,NA,-31.1365036438808,NA,53.0939,2.0045,27.0471,22.03945,7.012,0.230391126275569,230.45115,5.21889346180308,70.4195227491813,57.3816620138368,18.2563636588492
"270","Yairo Muñoz","",190,NA,-31.157634957783,NA,44.1212,2.5089,18.55125,18.05175,4.0091,0.280193488282299,157.4669,9.55972334503315,70.686283911095,68.7830267821364,15.275972283699
"271","Enrique Hernández","CI/MI/CI/OF",47,"1B/2B/SS/3B/OF",-31.1694229919467,4.93773305080364,78.02948,9.91125,42.68322,42.92648,1.89339,0.23310418090654,334.7408,17.7652380588204,76.5067538824069,76.9427808023402,3.39377213653071
"272","Cody Milligan","",191,NA,-31.1836068469052,NA,46.1039,1.0037,28.0529,19.04185,6.51165,0.238953792267208,192.94065,3.12127071200392,87.2379148717494,59.2156707256869,20.2496985471957
"273","Cade Doughty","",192,NA,-31.2064776149879,NA,40.0909,6.5123,24.0456,27.5473,1.00355,0.211605641177354,189.46045,20.6237238431557,76.1497188463344,87.2392100831598,3.17813031690783
"274","Mike Tauchman","OF",48,"OF",-31.2182731293313,7.30244292690398,61.22132,5.536212,37.8545,29.12296,5.024258,0.238138714949981,257.0826,12.9208557872061,88.3478695174236,67.9695008530332,11.7260164631912
"275","Jason Vosler","",193,NA,-31.2648443027883,NA,41.09415,7.51655,25.05185,24.05435,1.00305,0.213535561070511,192.4464,23.4347329957848,78.1054361110418,74.9954792607188,3.12726036964059
"276","Zach McKinstry","MI/CI/OF",49,"2B/SS/3B/OF",-31.2737993234252,4.38691808881034,78.55066,7.975458,43.71226,33.24058,9.276484,0.237997685185185,330.048,14.4987238219895,79.4652777777778,60.4286285631181,16.8638816172193
"277","Jermaine Palacios","",194,NA,-31.3227620820678,NA,42.597,5.51285,22.5494,21.5506,3.00785,0.234104696685289,181.95705,18.1785207003521,74.3562285715228,71.0627040831889,9.91832962778854
"278","Chris Meyers","",195,NA,-31.4483657672296,NA,42.607,5.5136,22.5522,24.05365,1.50345,0.23098602086502,184.45705,17.9345815191124,73.3575648098026,78.2414659672807,4.89040673696126
"279","Gage Workman","",196,NA,-31.4715902635944,NA,44.5938,5.00965,28.0478,24.04585,6.0115,0.205544006821691,216.955,13.8544398608006,77.5676061856145,66.5000115231269,16.625106588924
"280","Imanol Vargas","",197,NA,-31.4911077157013,NA,43.0908,8.01475,25.05255,28.55125,0.5018,0.20283788898115,212.4396,22.6363163929889,70.7567233227703,80.6382143442183,1.41724989126321
"281","Warming Bernabel","",198,NA,-31.5085320153896,NA,47.61605,4.0122,22.55305,22.55435,1.50575,0.258131099408775,184.4646,13.0503088397449,73.3573270969064,73.3615555504959,4.89768768641788
"282","Adrian Placencia","",199,NA,-31.5103407120946,NA,47.0851,5.50825,30.54725,25.5411,6.00895,0.19664766251432,239.4389,13.8028950183116,76.5470857074602,64.0023822361362,15.0575783634155
"283","BJ Murray Jr.","",200,NA,-31.5472309478017,NA,50.1003,4.5114,27.05475,27.04995,3.50615,0.222732344899638,224.935,12.0338764531976,72.1668482005913,72.1540445017449,9.35243514793162
"284","Miguel Andujar","CI/OF",50,"1B/OF",-31.6711889787932,9.72126055677602,65.41372,6.931736,28.40982,30.0458,2.979412,0.257881150397543,253.6584,16.3962305210472,67.2001873385624,71.0699113453369,7.04745910247798
"285","Jackson Loftin","",201,NA,-31.7415933630386,NA,40.57765,3.50615,26.042,22.53675,11.51615,0.199443756601612,203.4541,10.339875185607,76.7996319562987,66.4624109319989,33.9619108191971
"286","Joe Rizzo","",202,NA,-31.7856369572418,NA,49.60725,5.0135,25.553,23.0542,0.5024,0.243822269712558,203.4566,14.7849713403252,75.3566116803289,67.9875708136281,1.4815936175086
"287","David McCabe","",203,NA,-31.8099266146087,NA,52.0926,6.01085,24.0512,26.54715,2.0042,0.229537776996387,226.94565,15.8915141136215,63.5866781319668,70.1854827356241,5.29871359067689
"288","Gio Urshela","CI/MI/CI",6,"1B/SS/3B",-32.0468307361115,3.85253183082644,82.75696,6.824256,34.36492,36.1259,1.931752,0.271920752363622,304.3422,13.4537819599122,67.7492375359053,71.2209479986673,3.80838148636633
"289","Dairon Blanco","OF",51,"OF",-32.0589045232705,16.3557055699477,44.76278,3.430754,25.93178,19.52246,18.16376,0.252828212882142,177.0482,11.6265084875192,87.8804077081834,66.1598141071188,61.5553052784496
"290","Stuart Fairchild","OF",52,"OF",-32.1329966456123,5.96855921240466,53.01066,7.726028,31.5516,29.58032,6.899178,0.228011076529217,232.4916,19.9388571458066,81.4264257289296,76.3390677340601,17.8049735990462
"291","Ivan Melendez","",204,NA,-32.2189994024103,NA,39.60125,8.01865,21.05515,31.0598,1.00365,0.208474593224158,189.9572,25.327758042338,66.5049284786257,98.1056785423243,3.17013516729032
"292","Brainer Bonaci","",205,NA,-32.224161272407,NA,46.1087,3.50895,23.55285,21.04935,3.0064,0.242740800424953,189.95035,11.0837911064655,74.3968621273928,66.4890062060954,9.49637628990944
"293","Keyber Rodriguez","",206,NA,-32.2728008575683,NA,50.6034,2.50625,28.5477,22.04355,6.0106,0.222963474559748,226.95825,6.62566793672405,75.4703563320567,58.2756079587325,15.8899709528074
"294","Austin Slater","",207,NA,-32.422947106282,NA,53.90368,6.291886,31.36152,24.7942,6.741556,0.248956578286187,216.5184,17.4356156335905,86.9067571162543,68.7078788684934,18.6817083444178
"295","Kyle Datres","",208,NA,-32.4503467258816,NA,37.6027,4.5127,21.05565,22.0518,5.51195,0.225245378533321,166.94105,16.21901862963,75.675755004536,79.2560008458075,19.8104061283908
"296","Jake Cave","",209,NA,-32.5345103812196,16.8954423267963,53.16454,6.889478,28.34382,28.4322,2.24227,0.256988464542874,206.8752,19.9815482957841,82.2055616139586,82.4618900670549,6.50325413582682
"297","Jose Trevino","C",15,"C",-32.5599071964359,NA,61.09756,6.605406,27.42804,30.00086,1.434788,0.234289009911089,260.7786,15.1977332495841,63.1064972355861,69.0260473827224,3.30116351571793
"298","Will Wilson","",210,NA,-32.585941643402,NA,46.09195,6.01195,25.54685,25.04755,1.00405,0.217974136942405,211.45605,17.0587221316203,72.4883965249516,71.0716482219355,2.84896081242414
"299","Alec Burleson","CI/OF",53,"1B/OF",-32.7267208346312,14.6693479865984,58.96154,6.659542,26.42674,29.4725,1.682434,0.262350415002065,224.74346,17.7790499443232,70.5517482021501,78.6830459938634,4.49161190274458
"300","Josh Donaldson","",211,NA,-32.7451261274807,NA,37.09655,8.01925,23.0584,23.5611,0.502,0.221557851835682,167.43505,28.7368146633575,82.6292941651106,84.4307091018278,1.79890650135679
"301","José Rodríguez","",212,NA,-32.8371709748468,35.4389369761244,69.2483,8.26715,37.66965,33.88775,10.50555,0.239963850334424,288.57805,17.1887293576209,78.32123753002,70.458061519232,21.842721579136
"302","Yohel Pozo","",213,NA,-33.4013506857082,NA,48.6206,4.51545,18.0529,22.0579,0.5026,0.269410907793288,180.47005,15.0122970542758,60.0195988198596,73.3348275794238,1.67096978141248
"303","Joey Wiemer","OF",54,"OF",-33.4125347950156,14.0451125691721,50.08754,8.070782,29.55092,28.77416,6.63375,0.223644626460749,223.9604,21.6219885301151,79.1682458148851,77.087270785371,17.7721150703428
"304","Victor Caratini","",214,NA,-33.421634347313,NA,52.99194,6.554836,26.62578,28.19442,0.941053,0.233861499394957,226.5954,17.3564935563564,70.5021725948541,74.6557608848194,2.4918061002121
"305","Jakob Marsee","",215,NA,-33.4770415083069,16.4332533952431,49.4991,5.542564,33.12348,25.01204,9.417476,0.226107122823622,218.9188,15.1907392147225,90.7829204252901,68.5515542749184,25.8108741688699
"306","Christian Vázquez","C",16,"C",-33.7118300504722,NA,66.51814,5.118504,29.44718,29.17916,2.426164,0.238482261041406,278.9228,11.0105821395741,63.3447964813203,62.7682498526474,5.21900109994593
"307","José Azocar","OF",55,"OF",-33.8166590337624,4.38902355225519,60.22572,4.100796,29.72098,24.06846,12.85592,0.237430319124611,253.6564,9.70004147342626,70.3021410064954,56.9316445396213,30.4094515257648
"308","Drew Waters","OF",56,"OF",-33.8211701157577,15.4461586905111,50.2448,5.908178,29.292,23.77088,8.227636,0.240643737131412,208.7933,16.9780677828264,84.1751148145079,68.309318354564,23.6433908559326
"309","Nick Pratto","CI/OF",57,"1B/OF",-33.8309975037952,11.328002844536,56.51504,8.878962,33.41544,32.90252,2.142108,0.216271371683414,261.3154,20.3867709289234,76.7243874643438,75.546684198482,4.9184426176184
"310","Jim Haley","",216,NA,-33.8376117497307,NA,39.5959,5.0137,24.0519,23.55185,5.5091,0.215249505989285,183.9535,16.3531544656666,78.4499343584112,76.8189243477292,17.9689975999369
"311","Josh Rojas","MI/CI",7,"2B/3B",-34.1383928892748,4.89005654955776,71.2436,6.288826,40.39702,31.6561,10.477456,0.230594349235038,308.9564,12.213035884675,78.45188512036,61.4768297403776,20.3474457884672
"312","Tyler Hardman","",217,NA,-34.1664692797677,NA,33.59395,8.5211,21.05645,25.5615,2.5065,0.201821648248627,166.45365,30.7152171189998,75.900228081511,92.1391630643125,9.03494756648472
"313","Luis Urías","MI/CI",8,"2B/3B",-34.289093427131,5.52380178170524,69.11294,10.65542,39.40928,37.13076,1.902906,0.225174779151742,306.9302,20.8296609457134,77.0389098237971,72.5847635716524,3.7198802854851
"314","Ryan Ward","",218,NA,-34.4689798996534,39.2520056247071,56.61475,10.1045,33.8474,34.86355,3.0406,0.220720445006195,256.4998,23.6362757397862,79.1752664134631,81.5522273311714,7.11252016570773
"315","Paul DeJong","MI",9,"SS",-34.4760307669462,4.37680387668691,68.88824,14.05504,38.5652,41.35052,3.930188,0.206689729457264,333.293,25.3021335581605,69.4257605170226,74.4399432331312,7.07519449853432
"316","Mark Vientos","CI",16,"1B/3B",-34.5029799829806,10.999713858239,66.18854,12.46726,33.71246,40.50382,0.6842728,0.233278704240204,283.7316,26.3641977136139,71.2908819461773,85.6523982524329,1.44701429097076
"317","Michael Toglia","CI/OF",58,"1B/OF",-34.5887771365755,12.3652384159438,54.09028,8.857374,29.91616,31.40346,2.177794,0.222153460466828,243.4816,21.8268008753023,73.72095468405,77.3860365629271,5.36663304331826
"318","Armando Alvarez","",219,NA,-34.6033388762318,NA,40.603,5.5149,21.5515,19.05325,2.00645,0.24689346148549,164.45555,20.1205736139644,78.6285412684461,69.5139203267995,7.32033671104441
"319","Jake Bauers","CI/OF",59,"1B/OF",-34.6367504463343,NA,49.60212,9.74661,29.70972,29.89784,5.213398,0.216372598628536,229.244,25.5097886967598,77.7592085289037,78.2515747413237,13.6450192807663
"320","Tom Murphy","C",17,"C",-34.7221677957321,NA,44.31214,7.682526,23.69638,24.68538,0.6156294,0.238812001353795,185.5524,24.8421233031747,76.6243282221087,79.8223466794286,1.99069179380057
"321","Nick Gordon","MI/OF",60,"2B/OF",-34.7876619181205,NA,69.85434,6.852562,34.91944,31.21338,6.96701,0.249283208098756,280.2208,14.6724911212872,74.7684111957428,66.8331116034213,14.9175435941943
"322","Matt Reynolds","",220,NA,-34.8936794202181,NA,43.099,5.00945,23.05075,24.04705,2.5048,0.226904077366083,189.9437,15.8240046919166,72.8134178706638,75.9605609451643,7.91223925826442
"323","Jorge Mateo","MI",10,"2B/SS",-34.9273427202514,9.8419858782814,54.47632,5.68871,33.55568,23.986,19.50378,0.233139550807998,233.664,14.6074106409203,86.1639276910436,61.5910024650781,50.0816043549712
"324","Alex Binelas","",221,NA,-34.9815067506172,NA,37.0935,6.51725,23.05485,23.0568,3.0071,0.213855354830043,173.45135,22.5443618628509,79.7509503385243,79.75769574581,10.4021098711541
"325","Kyle Higashioka","C",18,"C",-35.1266110247017,NA,46.3942,8.756256,23.24726,28.70522,0.5007488,0.216912297566071,213.8846,24.5634963901094,65.2144006627873,80.5253487160833,1.40472609996232
"326","Freddy Fermin","C",19,"C",-35.2410424530795,NA,50.32692,6.844192,24.69532,26.65774,0.2285004,0.25055695453853,200.8602,20.4446435879283,73.7686809034343,79.630728237849,0.682565485845379
"327","Andy Ibáñez","",222,NA,-35.4271755174832,6.84418369553047,70.13256,7.545648,32.98414,33.18106,2.079988,0.25353357886837,276.6204,16.3667929046448,71.5438340773132,71.9709609269598,4.51157181466009
"328","Carson Kelly","C",20,"C",-35.7262365947826,NA,53.42972,6.95569,27.57436,27.57192,1.1266402,0.220543920377573,242.2634,17.2267622761011,68.2918509357996,68.285807926414,2.79028577985779
"329","Miguel Amaya","C",21,"C",-35.8417755480326,NA,46.09194,6.922084,24.97496,26.80806,0.9212002,0.222205863211026,207.429,20.0225156559594,72.241470575474,77.5438149921178,2.66462317226617
"330","Blaine Crim","",223,NA,-35.8902420630205,47.7471894610834,62.19495,9.1021,33.36735,37.8737,0.5113,0.253377434907368,245.46365,22.2487525138651,81.5616080018365,92.576721644936,1.24979808619321
"331","Garrett Cooper","CI",17,"1B",-36.5870763785547,6.06165387562377,65.67316,9.237502,31.18954,36.27686,0.2650462,0.250989501522986,261.657,21.1823157798186,71.5200587028056,83.1856820188262,0.607771701120169
"332","Darell Hernaiz","MI/CI",11,"SS/3B",-36.7935571370905,12.3411177699859,77.015,4.855978,36.2342,31.02064,6.835018,0.24621557249956,312.795,9.31468469764542,69.504052174747,59.5034575360859,13.1108579101328
"333","Graham Pauley","CI",18,"3B",-36.8173761833323,16.8375862681285,60.74782,7.702844,33.5706,32.5894,5.117382,0.243761566550299,249.21,18.5454291561334,80.8248465149873,78.462501504755,12.3206500541712
"334","Jonny DeLuca","OF",61,"OF",-36.8794546377543,12.4207113281609,44.41536,7.204064,24.86396,25.5583,4.065756,0.231720303886859,191.6766,22.5506838080392,77.8309715426922,80.004444987025,12.7269244133087
"335","Martín Maldonado","C",22,"C",-37.0120854064192,NA,50.24414,9.991162,27.85494,30.04414,0.449555,0.189105144184555,265.6942,22.5623939099913,62.9030065390964,67.8467350811572,1.01520093400609
"336","Liover Peguero","MI",12,"2B/SS",-37.0437336422357,13.902288767393,65.83112,6.309884,32.70456,30.17794,9.25942,0.239335238869447,275.0582,13.7641066508833,71.340305433541,65.8288464041428,20.1980962574466
"337","Miguel Vargas","MI/CI/OF",62,"2B/3B/OF",-37.3839499218501,26.0529595422713,52.42826,6.704892,31.05318,28.72246,3.435738,0.251551026921699,208.41998,19.3020611555572,89.3959782550598,82.6862952390649,9.89081181180422
"338","Trey Mancini","",224,NA,-37.4220002375177,NA,42.53966,5.152906,21.32308,20.58964,0.01716114,0.241222389200409,176.35038,17.5318227270052,72.5478901718272,70.0524943581069,0.0583876484984041
"339","Oscar Gonzalez","",225,NA,-37.5659945453933,NA,38.67428,5.00733,17.048484,21.267024,0.32626828,0.250749734592593,154.23458,19.4794059801635,66.3216407111816,82.7325130330695,1.26924174851061
"340","Trevor Larnach","OF",63,"OF",-37.6403388620385,10.9437400460596,45.47906,7.379216,26.5565,27.58018,1.0528188,0.226017048041046,201.2196,22.0034708348491,79.1866199912931,82.2390462956889,3.13931287011802
"341","James Wood","",226,NA,-37.686934098795,18.2632468772751,43.93914,6.939924,25.24024,24.95568,4.070966,0.226472761504361,194.01512,21.4620097650121,78.0565143582624,77.176500470685,12.5896352820337
"342","Ramón Urías","CI/MI/CI",13,"1B/2B/3B",-37.755310870643,5.83127600844503,66.74992,6.940212,32.65962,32.33708,1.611702,0.245911128532651,271.4392,15.340920545006,72.1921225821473,71.4791673420788,3.56257018146237
"343","Robbie Grossman","",227,NA,-37.8053102148484,10.4895491266377,48.63108,6.600898,28.84904,24.50904,3.383076,0.224889638658517,216.2442,18.3151215153979,80.0457260819018,68.0037846101768,9.38682101069069
"344","Ji Hwan Bae","MI/OF",64,"2B/OF",-37.9871385682588,10.9618653754894,57.75572,2.488158,33.5342,22.3555,13.79666,0.247265027301349,233.5782,6.39141323976296,86.1404018011955,57.4253076699795,35.4399340349399
"345","Donovan Solano","CI/MI/CI",14,"1B/2B/3B",-38.3167139303527,NA,72.4118,4.686014,30.91046,29.57928,0.21003244,0.266376936987841,271.8396,10.3428948541714,68.2250709609637,65.286911840659,0.463580228929118
"346","Gabriel Arias","CI/MI/CI/OF",65,"1B/SS/3B/OF",-38.3266216878736,4.58406957839362,63.39052,8.351956,32.6786,32.8298,3.356298,0.234489284382602,270.3344,18.5369438739576,72.5292822519073,72.8648666244473,7.44921401049959
"347","Myles Straw","OF",66,"OF",-38.3535589726241,16.4939088797418,56.1805,0.8714376,28.353136,17.604988,10.49745,0.249173958865285,225.46698,2.31902055014885,75.451765043378,46.8494002979949,27.9352213792015
"348","Nicky Lopez","MI/CI",15,"2B/SS/3B",-38.3947469991751,NA,84.25536,1.6098712,42.1584,25.38048,11.75212,0.2390867325946,352.405,2.74094499226742,71.7783232360494,43.2124629332728,20.0090010073637
"349","Kyle Farmer","MI/CI",16,"2B/SS/3B",-38.4117511430882,5.46589422230065,67.6238,6.972392,32.48838,32.87446,2.239036,0.2443594867366,276.739,15.1168978712794,70.4383119112232,71.2753749923213,4.85447154177763
"350","Nick Madrigal","MI/CI",17,"2B/3B",-38.6956716670474,5.45277561485502,69.7759,1.2309692,30.8316,23.68724,6.561688,0.278522713029705,250.5214,2.94817736129528,73.8418354679481,56.7310577060483,15.7152754215808
"351","James McCann","",228,NA,-38.7948083871797,NA,45.45038,5.380298,21.86864,22.51578,2.42846,0.233722267246451,194.4632,16.6004611669457,67.4738665207607,69.4705630679738,7.4928109791467
"352","Dane Myers","OF",67,"OF",-39.2616683587413,18.6481400274829,42.11788,4.465508,21.05569,21.511176,4.03185,0.254470157642893,165.51206,16.1879732510126,76.3292656740542,77.9804541131323,14.6159137890012
"353","Luke Maile","C",23,"C",-39.2821618589191,NA,41.04234,5.251146,20.59086,21.67752,1.360778,0.229879622534984,178.5384,17.6471145703109,69.198088478445,72.8499415251845,4.57305991316154
"354","Oswald Peraza","MI/CI",18,"2B/SS/3B",-39.3169529289129,18.7042315412015,52.83122,6.531816,28.90452,26.45548,8.752032,0.239323639809705,220.7522,17.7533433415386,78.5618988168634,71.9054577938521,23.7878453759464
"355","Nick Martini","OF",68,"OF",-39.4765528995401,10.9225105210214,42.68144,5.936494,23.86728,24.6212,0.292425,0.239104475270776,178.5054,19.9539980303117,80.2237243243061,82.7578325361586,0.982911441334548
"356","Miguel Rojas","MI",19,"SS",-39.5500222175891,5.88568068807139,66.6027,4.159826,31.31074,28.6385,5.565632,0.252961543048435,263.2918,9.4795796906702,71.3521803565474,65.2625717929689,12.6831872470012
"357","Andrew Stevenson","",229,NA,-39.7028844440692,NA,29.027806,2.4437478,15.534074,14.39545,5.843506,0.257209827132717,112.85652,12.9921486148962,82.586671997329,76.5331945376306,31.0669122173889
"358","David Peralta","",230,NA,-39.7323183239312,12.9716209555403,49.0812,4.359054,21.77408,23.34968,1.171006,0.256633859677835,191.2499,13.6754706799847,68.3108749337908,73.2539363419275,3.67374623463855
"359","Max Stassi","",231,NA,-39.7737121773026,NA,43.57508,7.21147,23.9571,23.6835,0.3488504,0.210488109315464,207.0192,20.9008729625078,69.4344292703286,68.6414593429015,1.0110667996012
"360","Wander Franco","MI",20,"SS",-39.8821666381506,NA,32.0607975,3.92377775,17.5881775,16.711405,5.49221175,0.274088391307442,116.972475,20.1266721081177,90.2170061803001,85.7196789244649,28.1718160618556
"361","Wes Clarke","",232,NA,-39.9824393604587,NA,21.70205,4.66329025,13.284685,17.0980525,0.767067175,0.199261146110249,108.9126025,25.6900862322154,73.1853873384396,94.1932454510946,4.22577639718048
"362","Owen Caissie","",233,NA,-40.0164878135933,30.4520669120068,51.8246,7.1839,30.22255,32.6945,2.57675,0.214790685741912,241.27955,17.8645061299227,75.1556855937439,81.3027875756565,6.40771254754081
"363","Tyler Soderstrom","C/CI",19,"C/1B",-40.1174088211862,NA,53.22048,8.771814,24.88484,30.15126,0.67883,0.210660213128264,252.6366,20.8326442011965,59.1003203811324,71.6078192945915,1.6121892077395
"364","Marco Luciano","MI",21,"SS",-40.1700369041725,NA,61.3408,8.707188,32.9087,32.5724,3.143446,0.221206080311113,277.3016,18.8398220565622,71.2048542092797,70.477198833328,6.8015027681052
"365","Reese McGuire","C",24,"C",-40.2490907561515,NA,53.70692,2.455416,22.53196,20.18056,1.695056,0.242209350150809,221.7376,6.64411268093458,60.9692537485749,54.606598069069,4.58665377455154
"366","Corey Julks","OF",69,"OF",-40.2880696392651,19.7834891143333,37.36916,4.465088,22.09258,19.4384,5.392616,0.2392527208326,156.19116,17.1523971010907,84.8674662509709,74.6715755232242,20.715446379936
"367","Andruw Monasterio","",234,NA,-40.3521492293886,12.1822790011546,61.19872,4.426216,32.32888,27.14636,6.0112,0.244207024849782,250.6018,10.5974083186952,77.4029875284216,64.9948084969861,14.3922350118794
"368","Santiago Espinal","MI/CI",22,"2B/SS/3B",-40.5318542655191,NA,68.1142,3.912994,30.82852,27.61338,4.166972,0.266050516405372,256.0198,9.17037041666308,72.2487557602967,64.7138541628421,9.76558531801056
"369","Joshua Palacios","",235,NA,-40.6273334565492,13.2695007558543,38.9513,4.417462,19.55796,19.82964,3.842992,0.255214724408747,152.62168,17.3663217440668,76.8880017570243,77.9560544740433,15.107913895326
"370","Omar Narváez","",236,NA,-40.7657766598749,NA,47.8457,4.627658,22.5409,21.66966,0.22350388,0.233468140567771,204.9346,13.548687239734,65.9944196831575,63.4436351889822,0.654366456420731
"371","Jeferson Quero","",237,NA,-40.827723215795,NA,24.8072375,2.9724635,11.694675,12.525605,0.854834,0.244333161381508,101.530375,17.565956000852,69.1104016901346,74.0208336667721,5.05169413586821
"372","Nick Loftin","MI/CI",23,"2B/3B",-40.8440945847371,16.2063840597073,55.53832,4.842346,28.07636,25.69438,4.203748,0.253238625119806,219.3122,13.2478156709932,76.8120332566998,70.2953506462477,11.5007227140123
"373","Rob Refsnyder","OF",70,"OF",-41.0181627645964,NA,43.50664,3.935284,23.9638,20.53486,2.950818,0.260468892188323,167.032,14.1360362086307,86.0809904688922,73.7638057378227,10.5997102351645
"374","Tyler Black","CI",20,"3B",-41.050203362807,22.0181473961358,47.6159,4.578882,30.15134,24.49516,10.174838,0.237381408753139,200.58816,13.6963677218037,90.1887927981392,73.2700075617624,30.4350107204732
"375","Austin Meadows","OF",71,"OF",-41.0564680050005,21.5703023148368,34.17052,5.401714,18.64846,20.09887,1.1687462,0.257320300990137,132.79372,24.4064884996068,84.259074902036,90.8124420341564,5.28072954052345
"376","Oscar Colás","OF",72,"OF",-41.0976209123808,20.6546447080653,41.13824,6.134948,21.26016,21.154374,1.778015,0.235646865143966,174.5758,21.0852179969961,73.0690966330958,72.7055204673271,6.11086416330328
"377","Cade Marlowe","OF",73,"OF",-41.2124985742031,16.3868304023169,38.04068,4.994716,22.26772,20.77492,7.515254,0.214536808421604,177.3154,16.9011242114334,75.3495297080795,70.2981918096228,25.4301228206913
"378","Alexander Canario","OF",74,"OF",-41.2809304574761,13.5491983318188,35.77244,6.728714,20.05982,22.43554,2.856448,0.223097699525047,160.34428,25.1784996633494,75.0628086015915,83.9526299285512,10.6886806314513
"379","Tyler Fitzgerald","MI/OF",75,"SS/OF",-41.3450420373928,20.1591584717834,37.1411,4.996002,22.33998,20.989444,5.100332,0.220797274512557,168.21358,17.8202092839353,79.6843393975683,74.867120716413,18.1923433292366
"380","David Fry","C/CI/OF",76,"C/1B/3B/OF",-41.3726155858195,NA,42.97262,5.607514,21.7494,23.9115,1.2167886,0.234374546632619,183.3502,18.3501757838279,71.1733066012472,78.2486193088418,3.98185090608028
"381","Nick Allen","",238,NA,-41.5137762984959,6.26827536561825,75.03456,3.838506,34.53328,26.1874,8.29998,0.235640584370721,318.428,7.23272953383496,65.0695541849335,49.3437763010791,15.6392905146532
"382","Jacob Stallings","C",25,"C/RP",-41.5364227021392,NA,46.40952,3.638496,20.7555,21.2987,0.2384609,0.239709432594002,193.6074,11.2758995782186,64.3224380886268,66.005844817915,0.739003467842655
"383","Andrew Knizner","",239,NA,-41.5546858950613,NA,38.18844,5.593542,20.238,21.02268,0.8286484,0.223026320400121,171.2284,19.6002835978144,70.9158060228327,73.6653966281295,2.90365990688461
"384","Jared Walsh","CI/OF",77,"1B/OF",-41.7057180278083,11.1387368714984,38.3625,7.306148,20.87002,24.51808,0.6790718,0.217923877492498,176.03624,24.90219513891,71.1331484926058,83.5671563991596,2.31454091498432
"385","Jimmy Herron","",240,NA,-41.7174873844721,NA,26.10911,2.6717212,15.061436,13.841938,4.0673416,0.25000976708752,104.43236,15.3499616402425,86.5331550488757,79.5267175806426,23.3682831643372
"386","Enmanuel Valdez","MI",24,"2B",-42.0038332790902,17.3677114772023,45.94302,6.926516,24.85672,25.9317,2.864896,0.244293043051027,188.0652,22.0982382705572,79.3024546806108,82.7320525009412,9.1401152366307
"387","Franmil Reyes","",241,NA,-42.0325861747396,NA,28.4097,5.505276,14.315186,16.95584,0.4374638,0.233556879469566,121.63932,27.1554099447448,70.6113089089942,83.6366398628338,2.15784073768252
"388","Matt Thaiss","",242,NA,-42.1172117666274,NA,41.25,6.056396,23.61124,22.8736,1.1895684,0.215395026646323,191.5086,18.9748011316463,73.9744533665851,71.6634135490521,3.72693988677271
"389","Victor Mesa Jr.","",243,NA,-42.1442083438163,27.716805148039,58.8501,4.64065,29.1468,27.6415,4.58585,0.226333176099026,260.01535,10.7085600907793,67.257875352359,63.7843111954736,10.5821060179716
"390","Tim Elko","",244,NA,-42.2111975515353,38.8179719302315,55.70075,11.12065,28.34025,37.37955,0.01345,0.220981932094,252.0602,26.4714143684723,67.4606701097595,88.9776727940389,0.0320161612186295
"391","Justin Foscue","MI/CI",25,"2B/3B",-42.237244460442,21.6285151085324,47.59926,5.661732,27.4849,27.02404,2.783116,0.237931035516958,200.05486,16.9805382383612,82.4320888780208,81.0498880157173,8.34705840188037
"392","Dylan Moore","MI/OF",78,"2B/SS/OF",-42.2487527327596,NA,41.97456,7.634562,29.66104,23.10378,13.11028,0.209354647248061,200.495,22.8471393301579,88.763430509489,69.1402179605476,39.2337365021572
"393","Riley Adams","C",26,"C",-42.3240346060181,NA,36.4937,5.511752,18.31064,20.85248,0.3159312,0.21819876615697,167.2498,19.773124990284,65.6884731700726,74.8071925945502,1.13338682617259
"394","Vidal Bruján","MI/CI",26,"2B/SS/3B",-42.3525727204224,14.0309669158562,48.82516,3.867672,28.2028,20.48374,12.258022,0.236913903852816,206.0882,11.2602429445257,82.108922296376,59.6358452351954,35.6876968210698
"395","Raimel Tapia","OF",79,"OF",-42.3566794853438,8.51432003482346,40.82452,2.723334,21.02202,16.4839,6.733928,0.244984553639796,166.6412,9.80550068050398,75.6908375599792,59.3511088494322,24.2458455652024
"396","Bobby Dalbec","CI/OF",80,"1B/3B/OF",-42.6098173158847,18.18276137859,44.2557,9.773684,26.37616,29.69304,2.976142,0.218482578443657,202.5594,28.9505715360531,78.1286674427353,87.9535780615464,8.81561260548758
"397","Sam Huff","C",27,"C",-42.6333813249205,18.6875213762044,25.00448,5.448572,13.537372,16.897898,0.04996202,0.232180161809864,107.6943,30.3557681325753,75.4211058523989,94.1436900560197,0.278354676152777
"398","Franchy Cordero","",245,NA,-42.6821378687388,NA,25.43926,4.224746,15.06361,15.285442,1.744492,0.232054902284165,109.62604,23.1226777871389,82.4454299361721,83.6595502309488,9.54787019580384
"399","Austin Barnes","C",28,"C",-42.7615079850352,NA,34.69994,3.774922,20.13226,17.19378,2.265626,0.215689411682803,160.8792,14.0785956170841,75.0833917622663,64.1243119060761,8.44966658213119
"400","Trey Cabbage","CI/OF",81,"1B/OF",-42.8981384642875,29.3923767043726,27.2640425,5.385025,15.3983375,20.5315325,4.07351225,0.228210852805318,119.46865,27.0448774636693,77.3341165234562,103.114243778598,20.4581482254968
"401","Lenyn Sosa","",246,NA,-43.0445725509144,14.0181870187067,55.21966,7.34674,24.64608,27.62616,0.8401222,0.241104216957057,229.02818,19.2467319960365,64.5669366974841,72.3740458488558,2.20092269868276
"402","Weston Wilson","MI/OF",82,"SS/OF",-43.0655382949762,NA,22.355002,4.3328742,14.082586,14.380078,3.8728996,0.217412254639279,102.8231,25.2834676254655,82.1756161796328,83.911560729058,22.5993941050211
"403","Blake Sabol","C/OF",83,"C/OF",-43.148622938967,15.0123986951947,28.51012,3.777162,14.98256,17.10766,1.486797,0.228718297258408,124.65168,18.1810401592662,72.1172470359003,82.3462307126546,7.15656780558433
"404","Elvis Andrus","",247,NA,-43.2267240259283,NA,40.3663,2.856068,19.30694,18.3156,4.864124,0.259153642312337,155.76204,11.0016586839772,74.3709057739614,70.5522346779742,18.7367499809325
"405","Adalberto Mondesi","",1,"Util",-43.3566390888851,NA,38.31958,5.100372,24.80294,18.35924,15.76326,0.221262062148067,173.1864,17.6701126647358,85.9291722675683,63.6051329665609,54.6114244536523
"406","Kolten Wong","",248,NA,-43.6027306036728,NA,37.1407,3.950664,20.78116,17.47732,4.268128,0.242274119192967,153.30032,15.4624491325263,81.3350944081526,68.4042407739266,16.7049670868267
"407","Brandon Crawford","",249,NA,-43.6465343440115,8.47779188966455,50.20662,6.556856,26.69462,27.92342,2.31697,0.233709391365065,214.825,18.3131088094961,74.5573001280112,77.9893029209822,6.47123007098801
"408","Dustin Harris","",250,NA,-43.6470542885021,28.0740954339967,30.2853025,3.512174,17.77396,17.09063,4.82765675,0.239038759647093,126.6962,16.6327356305872,84.1728165485626,80.9367447484613,22.8625171867822
"409","Cristian Pache","OF",84,"OF",-43.711385822179,NA,40.4604,4.190832,21.57932,19.62264,4.185814,0.22444731919577,180.2668,13.9487648307952,71.8246066386046,65.3119931124311,13.9320629200718
"410","Nick Ahmed","MI",27,"SS",-43.8880140067347,NA,60.22092,4.937658,29.12548,26.63698,5.225712,0.227996238233121,264.1312,11.216375801117,66.1613925200809,60.5085200082383,11.8707187942962
"411","Tyler Gentry","",251,NA,-43.910831747996,18.3226586273883,35.55422,3.610676,17.90825,19.173576,2.4288902,0.241799975244798,147.0398,14.7334640009032,73.0751129966172,78.2383109879094,9.91115412289734
"412","Emmanuel Rivera","CI",21,"1B/3B",-43.9501793112407,10.6055339791018,52.05654,5.633364,26.65376,26.52202,1.1965698,0.253175309535412,205.6146,16.4386108768541,77.7778231701445,77.3933952160985,3.49168726345308
"413","Wil Myers","",252,NA,-44.066108165904,NA,25.92496,3.863264,13.333206,14.168342,1.612968,0.238691792028004,108.6127,21.3415042623929,73.6555080575292,78.2689795944673,8.9103834082018
"414","Dominic Smith","",253,NA,-44.0803051620317,16.0017234196397,54.55722,5.743486,25.08126,26.05126,0.6026752,0.257790674268477,211.6338,16.2832761118498,71.1075263025093,73.8575596147685,1.70863595512626
"415","Travis Jankowski","OF",85,"OF",-44.1123048392729,NA,40.1627,0.8491998,23.15988,13.521894,8.909306,0.243042645791578,165.2496,3.08333502773986,84.0905394022134,49.096254393354,32.3485418421588
"416","Alex Call","OF",86,"OF",-44.1268926318022,15.551826041654,33.99884,4.181512,19.63528,16.8544,3.565514,0.230979512912807,147.19418,17.0448804429632,80.03827325238,68.7027163709869,14.5339197514467
"417","Bubba Thompson","OF",87,"OF",-44.2326704371322,22.2725278975605,28.15,2.6558056,16.903484,13.947674,7.812806,0.238383241666579,118.08716,13.4941289129148,85.8864791057724,70.8680300212148,39.6968103898849
"418","Taylor Walls","MI/CI",28,"2B/SS/3B",-44.5051596905652,NA,51.8864,5.94628,33.18098,26.12858,11.16703,0.207871875696093,249.6076,14.2935070887265,79.7595425780305,62.807174140531,26.8430047803032
"419","Dylan Crews","",254,NA,-44.5213127815732,NA,34.39188,4.012962,17.72772,17.48236,3.004772,0.225448085533173,152.549,15.7836314888986,69.7260027925453,68.7609620515375,11.8182564290818
"420","Nate Eaton","",255,NA,-44.6713849885281,NA,26.09744,2.309592,14.37289,12.27305,5.550356,0.225905428615798,115.52374,11.9954149683866,74.6490201927327,63.7430020877094,28.827093028671
"421","Moisés Gómez","",256,NA,-44.7027668582121,NA,24.693076,4.836722,14.340244,16.383778,1.0484024,0.207968908099637,118.73446,24.4413727910162,72.4654527421946,82.7920285315653,5.29788437156324
"422","Pavin Smith","",257,NA,-44.7100364685939,17.0388331979066,33.93756,4.045444,17.794498,17.48702,0.603036,0.246308338956835,137.78486,17.6163505917849,77.4881855669774,76.1492372964635,2.62598953179616
"423","Joey Wendle","",258,NA,-44.7676821419227,NA,62.84448,3.257272,30.4531,24.58384,7.245748,0.238444318645745,263.5604,7.41523840455546,69.3270309196677,55.9655547646763,16.4950758915224
"424","Juan Yepez","CI/OF",88,"1B/OF",-44.8472177549483,19.7697080918632,31.62658,5.331,14.814646,17.559548,0.37638994,0.247010830132051,128.03722,24.9817982614743,69.4234660827531,82.2864538920792,1.76381495943133
"425","Derek Hill","",259,NA,-44.8916291048975,NA,23.427498,2.3962698,13.361802,12.35723,2.995048,0.241607726167643,96.96502,14.8276345428485,82.6801376413886,76.4640485816432,18.5327533578604
"426","Xavier Edwards","MI/OF",89,"2B/OF",-45.0285186862388,19.5320435865055,47.39974,1.6181628,22.98538,15.960478,6.880734,0.277493361783779,170.81396,5.68394808012179,80.7382956287648,56.0626707559499,24.1692212978377
"427","Garrett Hampson","MI/OF",90,"2B/SS/OF",-45.0734145847899,8.30525990233007,51.34164,3.174092,28.1129,19.29934,7.929252,0.24212523898139,212.0458,8.98133893715414,79.5476260317347,54.6089759853768,22.4364321292853
"428","Wade Meckler","OF",91,"OF",-45.0791778100318,NA,26.99888,1.1195774,14.007068,11.216586,1.843553,0.268899595299281,100.40506,6.69036440992117,83.7033591733325,67.028012333243,11.016693780174
"429","Forrest Wall","OF",92,"OF",-45.1392332117973,19.0489796760105,27.04908,1.5420388,16.15545,12.19365,10.032066,0.236154667098773,114.53968,8.0777533165799,84.6280520427506,63.8747200970004,52.5515664091256
"430","Zach DeLoach","",260,NA,-45.3726711965388,21.4008027253897,32.69452,4.193184,18.83973,17.705282,1.1054174,0.22807261821583,143.35136,17.5506559547116,78.8540687720019,74.1058138548529,4.62674675705902
"431","Taylor Trammell","OF",93,"OF",-45.4946850228821,15.6958111095102,27.43948,5.271062,17.58784,17.477816,3.662848,0.207005769263557,132.55418,23.8592038364992,79.6104958742154,79.112477629902,16.5797019754488
"432","Peyton Burdick","",261,NA,-45.5023914130194,NA,20.731694,4.1397274,14.281004,15.653222,1.8784208,0.197508208353467,104.96624,23.663193422952,81.6319837692576,89.4757514416064,10.7372854357744
"433","Drew Romo","",262,NA,-45.5948314001948,16.8139190843186,26.138474,2.0168092,11.367262,12.619334,1.546276,0.254769397816302,102.5966,11.794596702035,66.4774193296854,73.7997204585727,9.04284937317611
"434","Kevin Pillar","",263,NA,-45.6527937263472,NA,35.31358,5.873588,19.30482,18.98768,2.49045,0.234869574470915,150.354,23.4390358753342,77.0374715671016,75.7718983199649,9.93834550460912
"435","Edmundo Sosa","MI/CI",29,"SS/3B",-45.6857249532938,NA,50.065,5.684828,25.74656,24.42144,3.997542,0.244974511690175,204.3682,16.6899586139135,75.5887461943688,71.698356202188,11.736293611237
"436","Wenceel Pérez","MI/OF",94,"2B/OF",-45.9872890437076,23.1780933441983,31.02962,1.95467675,18.396925,14.1521125,3.58553075,0.244772643817522,126.76915,9.25150992966349,87.0728801131821,66.9821285383707,16.9703626631558
"437","Coby Mayo","",264,NA,-46.0364430261489,21.7661886388662,44.07016,6.553804,24.27568,26.75604,1.225703,0.233463932098954,188.76646,20.8314676240684,77.1609956556901,85.0448962172623,3.89593469094033
"438","Abraham Toro","MI/CI",30,"2B/3B",-46.0442358327109,9.337666229413,52.7963,5.765806,26.4614,25.33766,2.977212,0.234843106693853,224.8152,15.3881214437458,70.6217373202524,67.622634056772,7.94575811599927
"439","Braden Shewmake","MI",31,"2B/SS",-46.0999250673696,12.0295610361671,50.0191,5.862854,26.82072,23.23586,6.093858,0.219615889201307,227.7572,15.4450107395068,70.6560846374999,61.2121856081828,16.0535640585676
"440","Victor Reyes","OF",95,"OF",-46.1129364549452,NA,25.832364,2.5608622,12.290322,12.75937,1.0205674,0.246023451517911,104.9996,14.6335540325868,70.2306789740151,72.910963470337,5.83183593080355
"441","Sam Hilliard","",265,NA,-46.2213597367001,13.9842432463016,24.83628,5.002896,16.240808,14.564376,3.094836,0.219587368546135,113.10432,26.5395486220155,86.1548418309752,77.2616430566047,16.4176010253189
"442","Miguel Sanó","CI",22,"3B",-46.2253303853517,9.88880394762771,35.21212,9.829178,23.33298,25.67804,0.9079608,0.21457590142656,164.101,35.9382745991798,85.3120212552026,93.8862286031164,3.31976331649411
"443","Kyle Stowers","OF",96,"OF",-46.3630279546445,18.3906373776949,26.58284,5.015612,14.494964,17.191364,0.835532,0.228489355063576,116.3417,25.8666256380988,74.753750374973,88.6596843608096,4.30902419338896
"444","Brewer Hicklen","",266,NA,-46.4617473817269,24.2256029599485,20.306465,3.62801275,14.5030465,15.93565975,4.9315465,0.213265355901387,95.216895,22.8615693674951,91.3895364892964,100.417009502358,31.0756604697097
"445","Carlos De La Cruz","",267,NA,-46.4804587605569,NA,25.6935975,3.36698375,13.20916125,15.748491,0.522176875,0.21145296112234,121.509755,16.6257453979724,65.2251891216471,77.7640823981581,2.57844421626889
"446","Conner Capel","",268,NA,-46.5324210841451,NA,23.892882,2.4286832,12.13405,11.851464,3.113022,0.232711649041868,102.67162,14.1929183546534,70.9098580503551,69.2584611015196,18.1921080041398
"447","Connor Norby","",269,NA,-46.5429612642792,NA,29.622156,3.7193968,17.159632,16.52948,1.6044724,0.246458937371704,120.19104,18.5674246599414,85.6617864359939,82.5160344731188,8.00961069976597
"448","George Valera","",270,NA,-46.5557581951524,NA,23.448432,3.237676,13.397336,13.26074,0.650965,0.225704982994471,103.88974,18.6987242436067,77.3743547726657,76.5854645511674,3.75955315702975
"449","Rafael Ortega","",271,NA,-46.692519538853,NA,23.934928,2.4719604,13.46834,10.221604,3.534398,0.229044258163273,104.49914,14.1931908721928,77.3308182249155,58.6891183984863,20.2933612659396
"450","Alan Trejo","MI/CI",32,"2B/SS/3B",-46.7635603415884,10.2920633945673,44.88954,4.978904,21.95474,22.74684,2.603282,0.245687911308437,182.7096,16.3502213348395,72.0971640242221,74.6983409738733,8.54891696988007
"451","Eric Haase","C/OF",97,"C/OF",-46.7989467505664,NA,31.85324,5.399356,16.1411,19.87752,1.0166336,0.221180998894832,144.01436,22.4950734079574,67.2478772255767,82.8147415299419,4.23555095477979
"452","Travis Blankenhorn","",272,NA,-46.8127014655434,NA,22.628316,3.6198022,11.33976,13.317208,0.49258214,0.230124583649952,98.33072,22.0875156817727,69.1935948399442,81.2596999188046,3.00566581837294
"453","Austin Hedges","",273,NA,-46.8360074560958,NA,36.00494,4.099866,17.41544,17.39332,1.278882,0.195127997242569,184.5196,13.3314813168899,56.6295613040566,56.5576339857663,4.15852408091065
"454","Luis Torrens","",274,NA,-46.8604374560392,NA,26.20804,3.660792,11.743274,14.71442,0.07412526,0.2290765209511,114.40736,19.1987228793672,61.5866356849769,77.168566777522,0.388743836060897
"455","Jordyn Adams","",275,NA,-46.8645007603272,NA,22.980218,2.191155,13.564542,11.316426,5.637702,0.209136483832028,109.88144,11.9646502630472,74.0682430081004,61.7925611459042,30.7842816766872
"456","Adael Amador","",276,NA,-46.8937554142577,30.6470906603372,39.6140433333333,3.85743433333333,22.51923,18.7762533333333,3.855643,0.27178526604474,145.754933333333,15.8791235882696,92.7003820110834,77.2924232638895,15.8717495668529
"457","Owen Miller","CI/MI/CI/OF",98,"1B/2B/3B/OF",-46.9894845854022,12.3898290425449,46.29482,3.765942,20.91616,20.8986,3.76334,0.249823619899237,185.31002,12.1934323896787,67.7227059821158,67.6658499092494,12.1850075889043
"458","Jose Miranda","CI",23,"3B",-47.0152044020368,19.5517874739098,46.01548,5.054874,20.74126,23.14328,0.6547406,0.26256513561663,175.25358,17.3059197991847,71.0099959156327,79.2335768547496,2.24157680544957
"459","Jake Mangum","",277,NA,-47.0574464837696,22.189176691647,38.1294566666667,1.441493,18.3024566666667,17.9243333333333,3.48123633333333,0.251172263722558,151.806,5.69737559780246,72.3388667114607,70.8443671528134,13.7592835592796
"460","AJ Pollock","",278,NA,-47.2034085167089,NA,29.37468,3.957652,14.50846,14.8919,1.2141218,0.248311211768533,118.29784,20.0729886530473,73.5860942177812,75.5308803609601,6.15795757555675
"461","Everson Pereira","OF",99,"OF",-47.2577470723165,17.6030839846544,25.22898,3.946158,15.094866,15.350968,2.81307,0.219870930632841,114.7445,20.6344948995377,78.9311871157223,80.2703467268584,14.7095677788478
"462","Jonathan Schoop","",279,NA,-47.2649226840903,NA,37.2669,4.095732,18.09788,17.03142,0.7149214,0.241821603480029,154.10906,15.9461046612055,70.4613213525538,66.3092228321943,2.78343687256285
"463","Símon Muzziotti","",280,NA,-47.3165399777319,NA,25.71778,1.2160122,11.417832,10.360902,3.4536534,0.248972898141739,103.2955,7.06330207995508,66.3213712117178,60.182110546926,20.0608162020611
"464","Deyvison De Los Santos","",281,NA,-47.4210100240009,NA,40.4837,4.612538,18.172898,19.930108,0.8187812,0.242442974215959,166.98236,16.5737434780536,65.2987465262798,71.6127428070845,2.9420396262216
"465","Ernie Clement","MI/CI",33,"SS/3B",-47.4270066047353,9.96388869196963,48.01022,3.14949,21.72402,20.47224,2.967662,0.259777569518994,184.8128,10.2249086643349,70.5276474356754,66.4637081414274,9.63459890224054
"466","Bryce Johnson","",282,NA,-47.4939075773199,NA,20.763386,1.5711058,12.165508,9.740584,4.51752,0.229371386277521,90.523,10.4135245186306,80.6348088331142,64.5620494239033,29.9427990676403
"467","Mike Ford","",283,NA,-47.5028186955115,15.8340879489232,37.97494,8.2979,21.57456,25.13624,0.37749522,0.222852136273636,170.4042,29.2172376032985,75.9648881893756,88.5057058452785,1.3291757597524
"468","Korey Lee","C",29,"C",-47.5569062215959,NA,37.31662,4.541312,19.16622,18.119898,3.03146,0.214739779946598,173.776,15.6798821471319,66.1756053770371,62.5629477027898,10.4667848264432
"469","Tirso Ornelas","",284,NA,-47.5700005717078,NA,27.484182,1.9894716,12.979374,12.91584,0.9968228,0.233725566298568,117.59168,10.1510834780148,66.2259812939147,65.9018052977898,5.08619045156936
"470","Orelvis Martinez","",285,NA,-47.6967925984165,19.4896082805178,38.85344,7.939954,20.69316,25.28796,0.7851246,0.218025284429064,178.20612,26.7329337510968,69.671546633752,85.1417224054931,2.6434263873766
"471","Jacob Hurtubise","",286,NA,-47.8171876156762,20.4623006354944,21.719352,0.8163986,15.304706,10.983198,5.1646768,0.248411321031802,87.43302,5.60245042433625,105.026952059988,75.3710531787647,35.4420570169028
"472","Cal Mitchell","",287,NA,-47.8838254924736,12.0820172517993,30.19768,3.257852,13.882862,16.481654,1.7246024,0.232347539835276,129.96772,15.0399745413707,64.0906618966617,76.0880655596636,7.96168033108529
"473","Rece Hinds","",288,NA,-48.0112029235018,19.9562277879935,22.7338775,4.55442275,12.6970325,16.2718025,2.68234725,0.21211531208079,107.176975,25.4966484172557,71.0807475206312,91.0930869246869,15.0163628895105
"474","Brooks Lee","",289,NA,-48.0365669457245,16.395021128121,47.52168,3.923662,23.23738,21.89718,1.66873,0.243912814516816,194.8306,12.0833031361603,71.5617977874112,67.4345200394599,5.13901820350602
"475","Jorge Barrosa","",290,NA,-48.1020735922007,20.4969851065934,26.654568,1.8753964,15.317028,12.473282,2.8730806,0.242955347446817,109.70974,10.2564990127586,83.7684675945818,68.2160872863248,15.7128105489996
"476","Michael Siani","",291,NA,-48.3324901243659,14.1456740625434,28.96242,2.20801,17.262182,12.956876,5.72259,0.213069641466715,135.92936,9.74628292224726,76.196262529302,57.1923946379207,25.2598408467457
"477","DJ Stewart","OF",100,"OF",-48.338572296072,NA,31.04712,6.110006,17.59442,19.2456,0.918,0.214423348662744,144.79356,25.3188304783721,72.9082978552361,79.7505082408361,3.8040365883676
"478","Seby Zavala","",292,NA,-48.3450383547383,NA,29.13308,4.701176,15.95766,16.77242,0.6031092,0.188922638749105,154.2064,18.2917544278318,62.0894852613121,65.2596260596188,2.34663100882972
"479","Thomas Saggese","",293,NA,-48.3874134907791,25.9881273449993,36.85348,4.15818,19.176172,20.333102,1.8790798,0.245843863262614,149.90604,16.6431452661947,76.7527659325802,81.383386553337,7.52103037342591
"480","Óscar Mercado","",294,NA,-48.4102850869121,15.0076519920089,23.8667,2.632414,13.447726,12.73156,4.629506,0.226841481366582,105.21312,15.0118958548135,76.6884928419573,72.6044052300702,26.4007340529394
"481","Corey Dickerson","",295,NA,-48.4120431940499,NA,35.38708,2.993882,15.12692,15.73352,0.9407316,0.252559093641281,140.11406,12.8204778307045,64.7768824913074,67.3744804768344,4.02842484187526
"482","Nathan Lukes","",296,NA,-48.4133068789216,11.653061124873,29.36944,1.6772354,13.989502,13.178508,1.5054896,0.257464373772813,114.07186,8.82199378532094,73.5825750540054,69.3168744684272,7.91863795330417
"483","Pedro León","",297,NA,-48.4557490048766,18.7728535609393,24.9094575,2.79957275,15.886495,16.102215,4.17774475,0.203732595757837,122.26545,13.7384980793838,77.9606749085698,79.0192895867148,20.5016777020818
"484","TJ Hopkins","",298,NA,-48.5307041660759,NA,22.363512,2.463644,11.941148,11.072288,0.7779774,0.230268842990167,97.11914,15.2203407073003,73.7721606678148,68.4043619002392,4.80632798025188
"485","Joey Votto","CI",24,"1B",-48.5580090503258,NA,44.74756,8.512116,25.6817,29.2926,0.19981598,0.206334325021718,216.8692,23.5499997233355,71.0521364951777,81.0422134632304,0.552819801059809
"486","Garrett Stubbs","",299,NA,-48.5833594373872,NA,22.8952,2.030446,13.0803,10.937464,2.101886,0.218243698345709,104.90658,11.612880717301,74.8111319614079,62.5554507639082,12.0214728189595
"487","Roman Anthony","",300,NA,-48.7588284867355,18.2288743061595,26.9696975,2.4684805,15.17716,14.2887,1.88036475,0.230380670528882,117.0658,12.6517590961664,77.7878423929106,73.2341982030619,9.637476103183
"488","Pablo Reyes","",301,NA,-48.7600360957735,12.3782284221724,38.93978,3.35186,20.80716,17.53672,4.142956,0.252650968565734,154.1248,13.0486203388423,81.0012146001163,68.2695581762312,16.1283167926252
"489","Trey Lipscomb","CI",25,"3B",-48.8347817345473,15.9585374795991,59.6916,4.66816666666667,24.648,26.6474,3.01021,0.240511551820006,248.186,11.2854874972803,59.5875673889744,64.4212002288606,7.27730814792132
"490","Johnathan Rodriguez","",302,NA,-48.8734098822447,18.6488662708823,25.783634,3.7173294,11.903478,15.810018,0.5021238,0.23086576967034,111.68236,19.9709035518232,63.9499989076162,84.9374135718479,2.69759951347733
"491","Jake Alu","",303,NA,-48.885964476025,20.8564980371131,39.98308,2.954718,18.38083,18.21812,3.93627,0.253153666747795,157.93996,11.2247134923929,69.8271545719019,69.209033609987,14.9535431058739
"492","Blake Perkins","OF",101,"OF",-48.9189151567479,NA,32.25632,3.66072,19.88722,16.465128,4.139482,0.217775418087387,148.11736,14.828997762315,80.559982975662,66.697629501363,16.7683869061668
"493","Taylor Kohlwey","",304,NA,-49.111716652014,NA,23.934376,1.4120012,11.65447,10.954446,1.8501922,0.231417882653426,103.42492,8.19145637241005,67.6111908039184,63.5501347257508,10.7335381066768
"494","Alejo Lopez","",305,NA,-49.1149847652315,NA,29.6228225,1.03770885,14.5401625,13.677449,2.08852725,0.25986992740477,113.99096,5.46205865798481,76.5332400042951,71.9922825459142,10.9931204193736
"495","Keston Hiura","",306,NA,-49.1628751506262,NA,24.31534,4.939802,13.223632,15.836594,1.0492756,0.234862926581997,103.52992,28.6282574158272,76.6365819658703,91.7798101263866,6.08099919327669
"496","Jorge Alfaro","",307,NA,-49.2217363535166,NA,23.18404,2.379624,9.449898,12.24649,1.2366624,0.236937300431972,97.84884,14.5916333806308,57.9458969569798,75.0943393912488,7.58309899228238
"497","Colson Montgomery","",308,NA,-49.2290034015313,NA,47.39638,5.390598,25.82894,24.29236,1.121478,0.231925234120471,204.3606,15.8267239379802,75.8334238595894,71.3220454432019,3.29264447256467
"498","Sam Haggerty","",309,NA,-49.2462593367997,11.9051547372469,32.24634,2.68857,19.41174,14.38877,8.910202,0.235407289153698,136.98106,11.7763871881266,85.0266744906194,63.0252240711234,39.0281780561488
"499","Ben Rortvedt","C",30,"C",-49.2533496662129,NA,23.41468,3.48757,13.196966,13.440716,0.6641072,0.204170702468428,114.68188,18.2464919479869,69.0447313908701,70.3199982420937,3.47451855515448
"500","Jorbit Vivas","",310,NA,-49.272914595676,27.5850380947476,36.2269625,2.54278525,20.75012,17.48105,2.75697475,0.246932006209603,146.70825,10.3993548420079,84.8627940146515,71.493116440282,11.2753362540961
