"","player_name","position","position_rank","dollars","dollars_sd","w","so","sv","era","whip","ip","k_9","k_bb"
"1","Aaron Ashby","SP/RP","SP/RP94",-6.72609983727451,9.24669112850894,4.8222475,90.150525,0.000233006,3.83018305880086,1.34216665955959,81.491575,9.95630192446274,2.43828985323014
"2","Aaron Bummer","RP","RP22",0.287593170258182,4.21184157640621,3.8709125,70.205825,0.23304425,3.55413118801553,1.3026251848655,59.316775,10.6521709078081,2.61580643148097
"3","Aaron Loup",NA,"NA192",-10.9604436409421,NA,2,41,0,4.26636568848759,1.30925507900677,44.3,8.32957110609481,3.15384615384615
"4","Aaron McGarity",NA,"NA550",-21.0585061412775,NA,3,49,0,4.99133448873483,1.33448873483536,57.7,7.64298093587522,2.57894736842105
"5","Aaron Ochsenbein",NA,"NA402",-16.9692147587844,NA,2,32,0,4.78991596638655,1.42857142857143,35.7,8.0672268907563,2.13333333333333
"6","Aaron Wilkerson",NA,"NA475",-18.8892249913019,NA,3,57,0,4.21875,1.3125,64,8.015625,3.16666666666667
"7","Adam Cimber","RP","RP378",-16.4422412555473,6.70368481624539,2.604475,35.313425,0.162793,4.76703666716746,1.33869824239943,50.91885,6.24171254849628,2.52226138693065
"8","Adam Kolarek",NA,"NA360",-15.9139401122512,NA,3,44,0,4.52611218568665,1.37330754352031,51.7,7.65957446808511,2.75
"9","Adam Leverett",NA,"NA486",-19.2697537944937,NA,4,51,0,4.47963800904977,1.4027149321267,66.3,6.92307692307692,1.88888888888889
"10","Adam Mazur",NA,"NA615",-25.4061096914248,NA,5,74,0,4.41277080957811,1.35689851767389,87.7,7.59407069555302,2.24242424242424
"11","Adam Ottavino","RP","RP89",-6.44452648529639,2.73631882159826,3.1640225,61.077975,2.4999475,4.10310720870393,1.32088786798225,59.2284,9.28105056020423,2.34500178050202
"12","Adrian Houser","SP","SP669",-28.9495496682177,7.12905896550137,7.26774666666667,91.0497333333333,0,4.57149854584418,1.40691173824658,124.127,6.60168698188146,1.96182492268312
"13","Adrian Morejon","SP/RP","SP/RP122",-8.35980198276728,2.62292908239315,2.2006,43.8162,0,4.10736353340883,1.30213816534541,44.15,8.93195469988675,2.63483186607014
"14","Adrián Martínez",NA,"NA410",-17.1403962483976,2.13438612397483,1.111195,30.0596,0,4.80725499924145,1.4301732633009,36.58305,7.39512971171075,2.19002309536126
"15","Albert Abreu",NA,"NA533",-20.6248917812168,NA,2,60,0,4.63587921847247,1.42095914742451,56.3,9.59147424511545,1.93548387096774
"16","Alberto Baldonado",NA,"NA412",-17.1689729959963,NA,1,37,0,4.58015267175572,1.39949109414758,39.3,8.47328244274809,2.05555555555556
"17","Alec Marsh","SP/RP","SP/RP680",-39.5908151747989,5.41275794666393,5.10418333333333,99.7713666666667,0,5.11040087689158,1.46655194380473,105.6459,8.49954707186933,2.10180530461399
"18","Alek Jacob",NA,"NA160",-9.50485019955021,2.90463480842693,1.91505,37.9328,0,4.22144280442804,1.29671340713407,40.65,8.39840590405904,2.62074540297982
"19","Alek Manoah","SP","SP451",-17.9964306642591,6.62506938118225,6.34682,91.370375,0,4.5246526038437,1.32444629810664,101.960325,8.06522904865201,2.25183298008675
"20","Alex Claudio",NA,"NA493",-19.3746889880848,NA,2,26,0,4.64373464373464,1.44963144963145,40.7,5.74938574938575,2
"21","Alex Faedo","SP/RP","SP/RP241",-12.4065221351963,6.9519019552681,2.7723425,58.76085,0,4.39833351074333,1.26737934021359,61.53355,8.59446025785933,3.00889444186993
"22","Alex Hoppe",NA,"NA418",-17.3129477979576,NA,3,40,0,4.59574468085106,1.42553191489362,47,7.65957446808511,2.35294117647059
"23","Alex Reyes",NA,"NA238",-12.3019874623915,NA,5,44,0,4.58445040214477,1.52815013404826,37.3,10.6166219839142,1.62962962962963
"24","Alex Speas","RP","RP367",-16.0969678979904,3.17914383069843,1.89516333333333,48.8764666666667,0,4.49708234126754,1.43181426519126,43.1339,10.1982014146646,1.9211340017085
"25","Alex Vesia","RP","RP15",2.30670563119911,1.61587136135274,3.6020425,73.339625,0.3093075,3.79761418257536,1.21865063148267,57.810375,11.4176153501858,3.09223522020799
"26","Alex Wood","SP/RP","SP/RP581",-22.7371594080047,4.8607404628386,6.04688,94.839625,0,4.49516134281307,1.35061649378516,115.22825,7.40752918663609,2.40409653687308
"27","Alex Young",NA,"NA368",-16.1360371132335,2.99165773034212,2.0552725,39.413325,0.1263265,4.73141376362662,1.40073750568243,41.850525,8.47587754275484,2.44809343089269
"28","Allan Winans",NA,"NA586",-23.1199058546793,NA,7,100,0,4.33915211970075,1.31338320864505,120.3,7.48129675810474,2.85714285714286
"29","Amir Garrett",NA,"NA332",-15.0762095260063,NA,1.55503,37.6438,0,4.75085358421892,1.48339997829517,35.9367,9.42752673450818,1.75211312183497
"30","Andre Granillo",NA,"NA504",-19.6514934043075,NA,3,58,0,4.40134907251265,1.46711635750422,59.3,8.8026981450253,1.87096774193548
"31","Andre Pallante","RP","RP244",-12.4593232212052,3.31230821967947,2.75059,43.3787333333333,0.880114,3.89994200695916,1.41178947415199,60.0072,6.50602927648682,1.83004317194246
"32","Andrew Chafin","RP","RP66",-4.96649386920137,4.21963803452098,2.75681,59.6525,1.4028175,3.91039334105821,1.30389179668022,55.7506,9.6298963598598,2.55633394649922
"33","Andrew Heaney","SP/RP","SP/RP161",-9.50709960214112,4.30294967398143,8.02261,134.005333333333,0,4.43973170235093,1.29066622811826,127.694,9.44482904443435,2.98058986639778
"34","Andrew Kittredge","RP","RP51",-3.63505749264283,4.83425383183947,3.263305,41.6785,2.332765,4.03083704871735,1.2538568464293,52.1929,7.1869258079164,3.27229616602319
"35","Andrew Misiaszek",NA,"NA169",-9.89830708402956,NA,3,55,0,4.06570841889117,1.39630390143737,48.7,10.1642710472279,2.29166666666667
"36","Andrew Painter",NA,"NA620",-26.0284029580125,NA,5,109,0,4.46017699115044,1.30973451327434,113,8.68141592920354,2.725
"37","Andrew Saalfrank","RP","RP126",-8.4983587562354,1.15396587254827,3.38579666666667,55.2306666666667,0.0572923333333333,3.85888403265401,1.38873263487477,53.4860333333333,9.29356635782176,2.09341080717075
"38","Andrew Vasquez",NA,"NA372",-16.2687431879398,NA,1,43,0,4.7682119205298,1.280353200883,45.3,8.54304635761589,2.38888888888889
"39","Andrew Wantz","SP/RP","SP/RP407",-17.0745365171087,2.80428447453466,1.892045,47.836275,0,4.72319360249714,1.37657153990751,49.913225,8.62549905360754,2.27096438049211
"40","Andrés Machado",NA,"NA434",-17.6505101118721,NA,2,60,0,4.5,1.30882352941176,68,7.94117647058824,2.72727272727273
"41","Angel Felipe",NA,"NA355",-15.8219012136011,NA,2,50,0,4.3953488372093,1.46511627906977,43,10.4651162790698,2
"42","Angel Perdomo","RP","RP92",-6.60208318051918,NA,3,62,0,4.11899313501144,1.35011441647597,43.7,12.7688787185355,2.48
"43","Angel Zerpa",NA,"NA136",-8.91932181379137,3.7807193237779,2.79252,49.6530333333333,0,4.1119860081604,1.30860167841202,59.1392333333333,7.55635937113377,2.72292233336258
"44","Anthony Bass",NA,"NA41",-2.81700971866117,NA,3,44,0,3.82978723404255,1.25295508274232,42.3,9.36170212765958,2.93333333333333
"45","Anthony Bender","RP","RP84",-6.15994728214432,3.10974710069945,2.350455,50.942175,3.187065,4.09674218014177,1.30112824071779,50.4325,9.09095474148614,2.66103428011753
"46","Anthony DeSclafani","SP","SP476",-18.932346102135,6.26647435710269,5.0746075,74.8517,0,4.57933501519559,1.30981976708419,93.061525,7.23892392693973,2.96981353287699
"47","Anthony Kay","RP","RP552",-21.115235479872,NA,3,55,0,4.6927374301676,1.47113594040968,53.7,9.21787709497207,1.89655172413793
"48","Anthony Maldonado",NA,"NA14",2.39678247472812,NA,5,54,0,3.77358490566038,1.23689727463312,47.7,10.188679245283,3.375
"49","Anthony Misiewicz",NA,"NA173",-10.0208863902693,NA,4,47,0,4.5,1.3125,48,8.8125,2.9375
"50","Anthony Molina",NA,"NA503",-19.6117768904769,8.62072686019093,1.71189333333333,32.5596333333333,0,4.90894496448378,1.41729802904802,45.0357666666667,6.50675500139519,2.65473562280587
"51","Antonio Velez",NA,"NA576",-22.2728016213754,NA,4,41,0,4.59965928449744,1.31175468483816,58.7,6.28620102214651,2.92857142857143
"52","Austin Adams","RP","RP204",-11.2389540146314,2.74070560167372,2.30735,56.63725,0.568395,4.33211591630542,1.34871167294784,49.8049,10.2346405674944,2.29777372077692
"53","Austin Gomber",NA,"NA690",-67.9033324154759,8.92018167693593,6.48186,93.4840666666667,0,5.66043579667395,1.50334736336642,136.057333333333,6.18383867585234,2.12313720680761
"54","Austin Pope",NA,"NA450",-17.9676245293849,NA,3,58,0,4.359375,1.40625,64,8.15625,2.32
"55","Austin Pruitt",NA,"NA577",-22.5340175403111,NA,3,42,0,4.57894736842105,1.29824561403509,57,6.63157894736842,2.8
"56","Austin Voth",NA,"NA322",-14.8283901036125,3.90790933881135,2.3988275,53.623325,0.01172535,4.51523058172907,1.35046937589824,57.23025,8.43277680946702,2.6416667282459
"57","Austin Warren",NA,"NA447",-17.9314450523993,NA,3,41,0,4.70454545454545,1.45454545454545,44,8.38636363636363,2.05
"58","Bailey Falter","SP","SP416",-17.233913108083,6.79118441028358,3.58896,62.15395,0,4.45764497572262,1.30064010450686,79.420625,7.04332848047972,2.92733695204229
"59","Barrett Loseke",NA,"NA496",-19.4360052824877,NA,2,43,0,4.70454545454545,1.45454545454545,44,8.79545454545454,1.95454545454545
"60","Bear Bellomy",NA,"NA511",-19.8365766558759,NA,2,31,0,4.73684210526316,1.4187643020595,43.7,6.38443935926773,2.21428571428571
"61","Beau Brieske","RP","RP202",-11.1990218832406,8.04393023883531,2.743125,48.358225,0.08071725,4.27130325237784,1.27919234742877,57.034425,7.63090054822154,2.66570520991959
"62","Ben Bowden",NA,"NA361",-15.9240943236412,NA,4,57,0,4.59183673469388,1.46938775510204,49,10.469387755102,2.19230769230769
"63","Ben Heller",NA,"NA415",-17.2256372424368,NA,2,36,0,5.10810810810811,1.35135135135135,37,8.75675675675676,2.57142857142857
"64","Ben Joyce","RP","RP245",-12.4614433262549,5.36102496414991,2.33927333333333,53.3545666666667,0.4952,4.28141301403262,1.39156959419191,46.1425,10.4066988134583,2.16542249519738
"65","Ben Leeper",NA,"NA176",-10.0445576757912,NA,3,37,0,4.38461538461538,1.33333333333333,39,8.53846153846154,2.3125
"66","Ben Lively",NA,"NA306",-14.402317869684,1.57239998525872,1.807065,37.34755,0,4.69588351143765,1.34806325916988,41.35685,8.12750366626085,2.51196709678938
"67","Benito Garcia",NA,"NA457",-18.2279789125786,NA,3,30,0,4.6583850931677,1.3871635610766,48.3,5.59006211180124,2.14285714285714
"68","Bennett Sousa",NA,"NA109",-7.82339148382979,3.76719921026793,2.84741333333333,53.835,0.0278138333333333,4.07314140792198,1.32303899418538,53.7037333333333,9.02199847062153,2.49085429801725
"69","Blake Holub",NA,"NA351",-15.7241067659415,NA,4,51,0,4.55696202531646,1.39240506329114,55.3,8.3001808318264,2.21739130434783
"70","Blake Treinen","RP","RP65",-4.95275529292832,1.6211549578872,2.8188375,43.216775,0.12039225,4.00333230153611,1.27487135679029,43.370925,8.96801198037626,2.76890832352258
"71","Blake Weiman",NA,"NA309",-14.4652046532264,NA,3,39,0,4.59183673469388,1.3265306122449,49,7.16326530612245,2.6
"72","Blake Workman",NA,"NA154",-9.4449949825542,NA,2,36,0,4.17073170731707,1.29268292682927,41,7.90243902439024,3
"73","Blas Castano",NA,"NA664",-28.3693218772718,NA,5,53,0,4.66575716234652,1.37789904502046,73.3,6.5075034106412,2.03846153846154
"74","Bowden Francis","SP/RP","SP/RP227",-11.8937686599504,3.63572011552145,3.8009675,71.66895,0.02391715,4.4509575041001,1.27031499897582,73.7177,8.74987350392104,2.77307788295792
"75","Brad Boxberger",NA,"NA454",-18.0794967067878,NA,2,38,0,4.88372093023256,1.42118863049096,38.7,8.83720930232558,2
"76","Brad Hand","RP","RP386",-16.6047834767163,NA,4,44,0,4.81798715203426,1.41327623126338,46.7,8.4796573875803,2.0952380952381
"77","Brad Keller","SP/RP","SP/RP651",-27.5110825513717,5.41634363341879,2.29561666666667,36.5475333333333,0.000157321333333333,4.95055242941856,1.56774764007452,49.3094666666667,6.67068257346122,1.38774575136347
"78","Brad Wieck",NA,"NA61",-4.72927915035874,NA,2,60,0,3.95121951219512,1.29268292682927,41,13.1707317073171,2.85714285714286
"79","Braden Zarbnisky",NA,"NA489",-19.2982975565882,NA,3,45,0,4.88933601609658,1.38832997987928,49.7,8.14889336016097,2.36842105263158
"80","Brady Basso",NA,"NA298",-14.2804250965634,NA,4,53,0,4.078125,1.28125,64,7.453125,2.94444444444444
"81","Brandon Bielak",NA,"NA373",-16.3086870214327,8.18186233542031,3.54668,54.004425,0,4.2831507706613,1.3818634952802,63.236275,7.68609196224793,2.1469069680306
"82","Brandon Eisert",NA,"NA125",-8.43225014175215,NA,4,59,0,4.16267942583732,1.30781499202552,62.7,8.4688995215311,2.80952380952381
"83","Brandon Hughes",NA,"NA147",-9.16567534243126,NA,2,44,0,4.07142857142857,1.33333333333333,42,9.42857142857143,2.31578947368421
"84","Brandon Walter",NA,"NA323",-14.8324893727451,4.53700459703668,1.990435,30.829,0.00630525,4.6612723852539,1.37544076957333,41.0929,6.75204232361308,2.42363494141185
"85","Brandon Williamson","SP","SP671",-29.6749254509425,4.12778565989864,3.67792333333333,62.0129,0,5.14052621850343,1.45134490917547,72.3134333333333,7.71801412646705,2.05126997918284
"86","Brandon Young",NA,"NA650",-27.4859576446341,NA,3,43,0,4.6927374301676,1.41527001862197,53.7,7.20670391061453,2.15
"87","Brant Hurter",NA,"NA591",-23.5065040441651,NA,5,86,0,4.42896935933148,1.27205199628598,107.7,7.1866295264624,2.86666666666667
"88","Braxton Ashcraft",NA,"NA523",-20.3096458067834,NA,2,51,0,4.23861852433281,1.287284144427,63.7,7.20565149136578,3
"89","Brendan McKay",NA,"NA362",-15.9249173225584,NA,4,73,0,4.23236514522822,1.28630705394191,72.3,9.08713692946058,3.17391304347826
"90","Brendan White",NA,"NA413",-17.181530583802,NA,4,73,0,4.36435124508519,1.25819134993447,76.3,8.61074705111402,3.04166666666667
"91","Brennan Bernardino","SP/RP","SP/RP344",-15.5032851169382,7.79178826176349,1.9817175,49.176675,0,4.28490055995366,1.38626841610043,48.94155,9.04323780100957,2.44870529273293
"92","Brent Headrick",NA,"NA612",-24.9709484191802,NA,4,88,0,4.39772727272727,1.35227272727273,88,9,2.66666666666667
"93","Brent Honeywell",NA,"NA348",-15.631702338057,NA,1.6639,28.3395,0,4.646,1.41472777777778,36,7.084875,2.08242400193991
"94","Brent Suter","RP","RP445",-17.9253495607019,4.57195979270932,2.92105,52.24405,0.883758,4.52120562619191,1.39845191410343,62.84535,7.48180175621585,2.2467273603
"95","Brett Martin",NA,"NA114",-8.03092396934199,NA,3,41,0,4.04081632653061,1.30612244897959,49,7.53061224489796,2.92857142857143
"96","Brian Moran",NA,"NA338",-15.247361389373,NA,2,40,0,4.68982630272953,1.36476426799007,40.3,8.93300248138958,2.5
"97","Brock Burke","RP","RP23",0.205734815056261,4.07267857019403,3.45955,61.94405,0.09428075,3.84195521215912,1.21722776871215,63.7941,8.73899702323569,3.26573913226855
"98","Brooks Raley","RP","RP106",-7.51689413174228,4.72106031307945,2.1022325,60.337825,1.52395,4.08399844742564,1.30634299458553,56.2936,9.64657483266304,2.69522912953558
"99","Brooks Wilson",NA,"NA266",-13.0999984539194,NA,2,41,0,4.46280991735537,1.40495867768595,36.3,10.1652892561983,2.41176470588235
"100","Bruce Zimmermann",NA,"NA182",-10.5772782543391,4.82591571220615,2.08707,32.26945,0,4.30293245880186,1.3159891514474,38.51205,7.54114751097384,3.1845616687506
"101","Bryan Baker","RP","RP111",-7.96315537823136,2.78121954473245,2.4883275,45.259775,0.119822,4.08439831831012,1.32549511212687,43.973625,9.2632339271552,2.28361550706759
"102","Bryan Hoeing","SP/RP","SP/RP431",-17.6074762632496,3.76234178897273,1.93636,33.7064,0.0322873,4.72180586820984,1.37860649168503,45.2517333333333,6.70377856612491,2.45234359274089
"103","Bryan Hudson","SP/RP","SP/RP95",-6.80080624282971,5.70620003232595,2.377275,53.95465,0,3.86987404334724,1.3302923858636,49.570625,9.79595980482393,2.42763667777644
"104","Bryan Mata",NA,"NA516",-20.0769107170839,9.62675371822804,2.10501,45.4043,0,4.53742323878698,1.51272707332496,48.0223,8.50935294644363,1.73820759532438
"105","Bryan Pope",NA,"NA520",-20.2778661322799,NA,3,40,0,4.57627118644068,1.38983050847458,59,6.10169491525424,2.10526315789474
"106","Bryan Shaw",NA,"NA353",-15.7808549599655,NA,1.6988,33.9299,0,4.54301052631579,1.43721578947368,38,8.03602894736842,1.93803191793185
"107","Bryce Jarvis",NA,"NA461",-18.3605595045233,2.43817184804135,2.27915333333333,42.4263,0,4.73145001263265,1.43955711246122,47.8917666666667,7.97290905256506,2.07458159200412
"108","Bryse Wilson","RP","RP385",-16.5949137382546,4.37937526351253,3.4030725,57.924625,0.07782325,4.47984333932079,1.30575569308482,74.9901,6.95187264718943,2.74482986564818
"109","Buck Farmer","RP","RP531",-20.4890337566696,1.81170491952837,2.52023,58.5966,0.140829,4.88949478748998,1.40948240689937,59.2325,8.90337905710547,2.20266992116039
"110","Burch Smith",NA,"NA573",-22.1120277056354,NA,2.1981,38.0536,0,5.027562,1.43769,50,6.849648,2.15565714415195
"111","Cade Cavalli","RP","RP379",-16.4456768652403,5.92578919270716,3.017445,54.041525,0,4.44525369476606,1.37837637493168,55.9846,8.6876341886876,2.15644886309789
"112","Cade Horton",NA,"NA590",-23.3420494647913,NA,4,71,0,4.5,1.27906976744186,86,7.43023255813953,2.53571428571429
"113","Cade Povich",NA,"NA606",-24.3145688868222,NA,8,115,0,4.43271767810026,1.36323658751099,113.7,9.10290237467018,2.3
"114","Cal Quantrill","SP","SP692",-77.4877428119325,13.4996116071433,6.34713666666667,90.694,0,5.71310217927771,1.51770365720734,147.097666666667,5.54900712225211,1.87045502980139
"115","Caleb Ferguson","SP/RP","SP/RP16",2.28128036592614,2.99045748186658,3.6023325,64.6802,1.099875,3.61471028133784,1.2426545295134,58.1685,10.0075092189071,2.83297107360643
"116","Caleb Thielbar","RP","RP29",-0.454211814388918,3.05902941859439,2.5420225,54.10165,0.07853975,3.77082917277558,1.21296210604592,46.192725,10.5409423237101,3.45510338650475
"117","Cameron Leonard",NA,"NA26",-0.360390205172083,NA,4,41,0,3.6734693877551,1.24489795918367,49,7.53061224489796,3.15384615384615
"118","Carl Edwards Jr.",NA,"NA184",-10.6433789404304,NA,3,38,0,4.18604651162791,1.37209302325581,43,7.95348837209302,2.11111111111111
"119","Carlos Carrasco","SP","SP600",-23.9610990728783,4.30758486903575,4.48469,68.5601333333333,0,4.81074392531506,1.39107270262629,82.6476333333333,7.46592703400662,2.46335337818174
"120","Carlos Hernández","RP","RP293",-14.0450058466257,5.1585347356938,1.97940666666667,49.6804333333333,0.128198666666667,4.48216628939095,1.36689501427833,50.4494,8.86281898298097,2.30648748110056
"121","Carlos Vargas",NA,"NA118",-8.16524685559922,NA,1.9368,38.9086,0,3.7539,1.36765789473684,38,9.21519473684211,2.18939419516752
"122","Carmen Mlodzinski","RP","RP308",-14.4415096444613,5.2643054110147,3.12477,52.723525,0.14546575,4.23128951164873,1.38370537760245,57.550275,8.2451686807752,2.17155787121653
"123","Carson Coleman",NA,"NA466",-18.5838901697975,NA,2,49,0,4.96402877697842,1.41486810551559,41.7,10.5755395683453,2.1304347826087
"124","Carson Whisenhunt",NA,"NA595",-23.7782862726941,NA,1,79,0,4.16988416988417,1.33848133848134,77.7,9.15057915057915,2.54838709677419
"125","Casey Sadler",NA,"NA148",-9.16718368839223,NA,1,36,0,4.14043583535109,1.23486682808717,41.3,7.84503631961259,2.76923076923077
"126","Chad Green","RP","RP6",4.86590929803188,2.74751302955303,3.605295,60.6761,1.32144,3.77486129753604,1.15559476069979,54.032025,10.1066895049741,3.91557230528972
"127","Chase Anderson",NA,"NA657",-27.8370248283096,4.45737467022765,2.36273333333333,41.8611666666667,0.0643813333333333,5.43712931752946,1.46971682954254,52.2347333333333,7.21264331141093,1.9246926370834
"128","Chase Lee",NA,"NA178",-10.2584877346491,NA,3,65,0,4.32835820895522,1.29353233830846,60.3,9.70149253731343,2.95454545454545
"129","Chase Silseth","SP/RP","SP/RP422",-17.4003442679253,5.5289013750576,6.8881625,114.87875,0,4.35692768386164,1.34810816921115,117.2145,8.8206557209219,2.40365678680025
"130","Chasen Shreve",NA,"NA260",-12.9980309080745,3.46415281954773,1.08504,37.0158333333333,0,4.54667953323094,1.32820422109708,38.0659333333333,8.75172288783146,2.50263114600776
"131","Chris Clarke",NA,"NA662",-28.133242249277,NA,5,57,0,4.59526774595268,1.3574097135741,80.3,6.38854296388543,2.71428571428571
"132","Chris Devenski",NA,"NA69",-5.21678340590822,3.50768025797908,3.2218275,49.06345,0.010656675,4.28398443131036,1.23123275822915,50.6401,8.71979024527993,3.34845240512333
"133","Chris Flexen","SP/RP","SP/RP688",-50.5131026031425,0.789791826574946,5.89475666666667,94.4664333333333,0.061177,5.21271912974908,1.44572027215561,131.885333333333,6.44649316578037,1.99626316082356
"134","Chris Gau",NA,"NA289",-13.8332903761608,NA,3,45,0,4.47204968944099,1.36645962732919,48.3,8.38509316770186,2.5
"135","Chris Murphy",NA,"NA197",-11.1115138965222,NA,0.972971,35.3344,0,4.36629722449308,1.3734055242103,37.3085,8.52378412426123,2.19363410046127
"136","Chris Paddack","RP","RP100",-7.02736599920617,4.68911443286202,7.0753975,99.4285,0,4.31811877299834,1.24927460892897,110.13025,8.12543783383766,3.76097068777855
"137","Chris Stratton","RP","RP429",-17.5035639489872,4.07953034236694,2.5343475,59.9975,0.2385785,4.47874008714381,1.38451804069205,65.48945,8.24525935093362,2.41779409409036
"138","Christian Montes De Oca",NA,"NA394",-16.8156849514807,NA,2,45,0,4.25454545454545,1.4,55,7.36363636363636,2.04545454545455
"139","Christian Scott",NA,"NA390",-16.6425033707044,NA,4,72,0,4.36781609195402,1.23882503192848,78.3,8.27586206896552,3.27272727272727
"140","Cionel Pérez","RP","RP180",-10.401294540794,3.2425897427717,2.9071825,50.933425,0.21765075,3.91405018475729,1.39298767494702,55.904425,8.19972345659579,2.00083968333626
"141","Clayton Andrews",NA,"NA425",-17.4428697159174,NA,3,59,0,4.70019342359768,1.41199226305609,51.7,10.2707930367505,2.18518518518519
"142","Clayton Beeter","SP/RP","SP/RP254",-12.8449372280225,2.12053751504722,2.96922666666667,55.0594666666667,0,4.51658701223151,1.36101763764838,53.1741333333333,9.31910252102526,2.27810594577895
"143","Codi Heuer",NA,"NA190",-10.83687873694,NA,3,31,0,4.3342776203966,1.38810198300283,35.3,7.90368271954674,2.21428571428571
"144","Cody Bolton",NA,"NA342",-15.4625586405559,6.17319338270433,2.86845,47.81685,0,4.41443528283797,1.39843911792905,52.15,8.25218887823586,2.1166093067006
"145","Cody Laweryson",NA,"NA456",-18.2179193195675,NA,3,54,0,4.52261306532663,1.39028475711893,59.7,8.14070351758794,2.34782608695652
"146","Cody Morris","RP","RP427",-17.4917013028928,NA,2,59,0,4.52513966480447,1.39664804469274,53.7,9.88826815642458,2.26923076923077
"147","Cody Poteet","RP","RP391",-16.7336794743707,9.91517850784245,2.18231666666667,44.8235666666667,0,4.62094711643029,1.34618432214799,47.6625666666667,8.46391892449491,2.35847306019363
"148","Cole Henry",NA,"NA653",-27.6519476223764,NA,2,47,0,4.84615384615385,1.36538461538462,52,8.13461538461539,2.23809523809524
"149","Cole Irvin","SP/RP","SP/RP215",-11.5078699304711,2.97017575908716,4.45934,67.8488,0,4.37196409755204,1.27740215017638,87.3106666666667,6.99386711054778,3.26887121977385
"150","Cole Sands",NA,"NA282",-13.591229262286,3.42516339561941,1.98292333333333,47.2228666666667,0.000557073333333333,4.33760107346753,1.36323610845704,47.7952666666667,8.89221526817858,2.43263858123586
"151","Cole Sulser",NA,"NA247",-12.6750250064999,NA,3,38,0,4.58445040214477,1.3941018766756,37.3,9.16890080428955,2.375
"152","Coleman Crow",NA,"NA518",-20.210936353441,NA,5,86,0,4.26456071076012,1.29318854886476,101.3,7.64067127344521,2.6875
"153","Coleman Huntley III",NA,"NA374",-16.3128310566329,NA,3,41,0,4.6,1.42222222222222,45,8.2,2.41176470588235
"154","Colin Holderman","RP","RP162",-9.5255543942904,5.69768760784162,2.0185375,53.065875,1.2204875,4.0388596941352,1.33454726945895,55.199225,8.65216631211761,2.30601884242501
"155","Colin Poche","RP","RP9",3.29147477790021,8.76270024945939,4.6226425,63.3026,1.4722725,3.80983877479881,1.22323090722299,59.81385,9.52494112985538,2.72194613304954
"156","Colin Rea","SP","SP592",-23.5458213887171,5.89108665436744,6.82266,111.19375,0,4.69339530503331,1.3071645331194,129.0105,7.75707209878266,2.82740062857259
"157","Collin McHugh",NA,"NA239",-12.3477454287556,NA,3,55,0,4.18965517241379,1.36206896551724,58,8.53448275862069,2.75
"158","Colton Gordon",NA,"NA631",-26.5743356239682,NA,7,103,0,4.37340153452685,1.35549872122762,117.3,7.90281329923274,2.14583333333333
"159","Connor Brogdon",NA,"NA174",-10.0273444315665,3.61492465529842,2.5703025,51.647575,0.0646985,4.32846989924049,1.31279555226969,51.635325,9.0021351661871,2.60824273704118
"160","Connor Cooke",NA,"NA44",-3.18848889105456,NA,3,54,0,3.9375,1.25,48,10.125,3.17647058823529
"161","Cooper Criswell",NA,"NA587",-23.1206136888225,2.2403719509339,3.07349333333333,46.3041333333333,0,4.97281601167252,1.40792294690778,62.7342333333333,6.64289938454656,2.56469128599756
"162","Corey Knebel",NA,"NA264",-13.0470261526949,0.700215697855632,2.4619,40.8872,0,4.46798679471789,1.37885834333734,41.65,8.83516926770708,2.07890622418032
"163","Cristian Charle",NA,"NA534",-20.6468840614034,NA,4,42,0,4.74545454545455,1.43636363636364,55,6.87272727272727,2.1
"164","Cristian Mena",NA,"NA637",-26.9105517094754,NA,7,110,0,4.14713015359741,1.40662894098626,123.7,8.00323362974939,2.07547169811321
"165","Curtis Taylor",NA,"NA553",-21.1332171437677,NA,2,39,0,4.8936170212766,1.46572104018913,42.3,8.29787234042553,1.95
"166","Dakota Hudson","SP/RP","SP/RP691",-74.2988673212287,11.2270197875887,5.69532333333333,68.0928,0,5.62954321142489,1.61420450517752,122.259333333333,5.01258417898565,1.33960340136545
"167","Dalton Roach",NA,"NA640",-27.1496795473656,NA,5,62,0,4.48275862068966,1.39208173690932,78.3,7.1264367816092,2.2962962962963
"168","Dane Dunning","SP/RP","SP/RP610",-24.7998936097995,5.77780044821139,8.93589333333333,127.953666666667,0,4.49272086847584,1.37001601263366,151.130666666667,7.61978376327769,2.36361352501135
"169","Daniel Bard","RP","RP603",-24.1431265875255,9.01980787777226,2.19932333333333,47.8804333333333,5.14728666666667,5.00003712730156,1.57099535643535,50.2774666666667,8.57091513494448,1.56305312743817
"170","Daniel Espino",NA,"NA395",-16.8179865439643,NA,6,104,0,4.08637873754153,1.38427464008859,90.3,10.3654485049834,2.31111111111111
"171","Daniel Juarez",NA,"NA554",-21.1512535139005,NA,3,48,0,4.81835564053537,1.434034416826,52.3,8.26003824091778,1.92
"172","Daniel Lynch IV","SP","SP672",-30.4778122941885,3.86865446684415,4.80695333333333,71.0186666666667,0,4.97137652846474,1.42202794822386,90.0904,7.09474039409304,2.21847598480171
"173","Daniel Palencia","SP/RP","SP/RP186",-10.748409775918,3.16528730233191,2.14403,43.7854,0,4.20162321583005,1.36506587230604,40.5861,9.7094473230983,2.29235730814739
"174","Danis Correa",NA,"NA561",-21.3087853021356,NA,2,40,0,4.82926829268293,1.51219512195122,41,8.78048780487805,1.66666666666667
"175","Danny Coulombe","RP","RP43",-3.13460353972637,2.05121465202078,3.3392425,56.959775,1.096755,3.91423306171687,1.28137051401353,54.75245,9.3628317089007,2.93675586702568
"176","Danny Watson",NA,"NA341",-15.4007405929385,NA,4,56,0,4.81034482758621,1.31034482758621,58,8.68965517241379,2.33333333333333
"177","Dany Jiménez","RP","RP168",-9.88514206055462,1.34741580118931,2.216135,55.551525,4.757385,4.26069994168123,1.3794892595457,51.52715,9.70291826736002,2.01006906595867
"178","Darius Vines","SP/RP","SP/RP617",-25.861771618967,NA,4,69,0,4.45997458703939,1.35959339263024,78.7,7.89072426937738,2.55555555555556
"179","Darrell Thompson",NA,"NA453",-18.0188611751405,NA,3,54,0,4.80492813141684,1.41683778234086,48.7,9.97946611909651,2.25
"180","Darwinzon Hernández",NA,"NA433",-17.6481561317985,NA,2,46,0,4.95867768595041,1.46005509641873,36.3,11.404958677686,1.91666666666667
"181","Daulton Jefferies",NA,"NA349",-15.6365218373218,7.49756742045412,3.3776,45.0346,0,4.41690537084399,1.30011253196931,58.65,6.91068030690537,3.26857574185026
"182","Dauri Moreta","RP","RP32",-0.724603840629156,1.67338102310884,2.62725333333333,54.5983666666667,0.486153333333333,3.86813676064269,1.20780607220121,48.3657666666667,10.1597748545287,2.9827186527469
"183","David Leal",NA,"NA623",-26.1575313500949,NA,5,56,0,4.41471571906354,1.32664437012263,89.7,5.61872909698997,2.8
"184","David Peterson","SP/RP","SP/RP86",-6.27872785821051,8.24965193826038,4.37182,80.8551,0,3.88334923664122,1.34005999081142,75.456,9.6439766221374,2.53538973866907
"185","Davis Daniel",NA,"NA468",-18.7042017705497,NA,1.6871,28.5413,0,5.12272752904026,1.43895342280365,35.468,7.24235085147175,2.07929974355986
"186","Davis Martin",NA,"NA660",-28.0246299811842,NA,6,87,0,4.58288190682557,1.37594799566631,92.3,8.48320693391116,2.48571428571429
"187","Davis Sharpe",NA,"NA27",-0.373707176288109,NA,6,50,0,4.01913875598086,1.2280701754386,62.7,7.17703349282297,3.33333333333333
"188","Daysbel Hernández",NA,"NA209",-11.4278549448776,0.413930034665044,2.98814,49.7315,0,4.2780078987261,1.39358217423295,45.1212,9.91958325576447,2.30072794816694
"189","Dean Kremer","SP","SP304",-14.3890879460273,7.60565026125163,9.275565,136.96025,0,4.31304401278584,1.30699974150921,158.613,7.77138223222561,2.74472739151172
"190","Declan Cronin",NA,"NA579",-22.6455567238365,0.650535619532675,1.826095,29.67585,0,4.80125190527529,1.51056730733485,43.0384,6.2056825997249,1.65286855685176
"191","Deivi García","RP","RP645",-27.3195852190552,3.69285668369726,2.29365,52.7695333333333,1.48447966666667,5.1693628548454,1.51064565511453,56.8745333333333,8.35041225246683,1.71397173778415
"192","Dennis Santana","RP","RP417",-17.2593054503985,NA,4,53,0,4.81835564053537,1.39579349904398,52.3,9.12045889101339,2.12
"193","Derek Law",NA,"NA455",-18.1156480681759,2.74466805298044,2.28075,40.431875,0.0657335,4.62744010790212,1.45047474790726,46.709,7.79050878845619,1.96503751404878
"194","Devin Sweet",NA,"NA115",-8.08049698491531,NA,3,41,0,4.2,1.28888888888889,45,8.2,2.73333333333333
"195","Dillon Tate","RP","RP198",-11.1266773691445,4.48390605030867,2.3619925,43.287425,1.94209,4.31449956499511,1.31135497295794,55.7465,6.98854322692905,2.39751123640623
"196","Dinelson Lamet","SP/RP","SP/RP521",-20.2929126609615,NA,2,44,0,5.21052631578947,1.44736842105263,38,10.4210526315789,2.31578947368421
"197","Domingo Acevedo",NA,"NA36",-1.73987749405025,NA,2,38,0,3.73170731707317,1.17073170731707,41,8.34146341463415,3.8
"198","Domingo Germán","SP","SP80",-6.10291386632451,4.13735078736277,3.9456225,69.927775,0,4.18850218948738,1.22064409002606,73.082175,8.61153865494561,3.24295956722063
"199","Dominic Leone",NA,"NA376",-16.3377738205925,0.156070817868385,1.55647,45.0651,0,4.74149451115093,1.38425353082411,45.46035,8.92175049246211,2.30420088148974
"200","Drew Carlton",NA,"NA132",-8.70527000535978,NA,3,44,0,4.22448979591837,1.28571428571429,49,8.08163265306122,2.58823529411765
"201","Drew Rom",NA,"NA314",-14.565406696375,7.50699192116469,3.57063,52.2157333333333,0,4.24090837025055,1.36383235142736,58.0277333333333,8.09856896012941,2.42863499436435
"202","Drew Rucinski",NA,"NA604",-24.2566584502,5.49517965022583,2.983935,43.5209,0,5.21272252069375,1.4327262811676,56.10995,6.98072445261491,2.05073484716404
"203","Drew Smith","RP","RP128",-8.52227279617383,3.70405235723499,3.1469475,59.68635,0.265905,4.27469267451055,1.30488910576615,57.380125,9.36172847305578,2.5243387955262
"204","Drew Smyly","SP/RP","SP/RP339",-15.2618979616491,9.57258714090812,4.83256,81.957575,0.905271,4.47602393574125,1.32016114868619,83.6991,8.8127372337337,2.92948091858172
"205","Drew Thorpe",NA,"NA216",-11.5304325935882,4.11133827930687,5.6071375,88.72175,0,4.27696638612896,1.29242486803267,97.72305,8.17100724956906,2.78718304350489
"206","Drew VerHagen",NA,"NA358",-15.8604583507339,2.43061490555047,2.35902666666667,41.3500666666667,0,4.70648930474176,1.40156982771388,43.8901666666667,8.47913389863333,2.22581837494886
"207","Drey Jameson","SP/RP","SP/RP268",-13.1196352865849,NA,7,94,0,4.00990099009901,1.32673267326733,101,8.37623762376238,2.61111111111111
"208","Durbin Feltman",NA,"NA243",-12.4508300446556,NA,3,38,0,4.3953488372093,1.37209302325581,43,7.95348837209302,2.11111111111111
"209","Dylan Coleman",NA,"NA207",-11.3614732330956,3.64398286078735,2.4225,48.188775,0,4.26172845313413,1.40787390748222,41.455275,10.4618525627921,1.94590870270128
"210","Dylan Floro","RP","RP248",-12.7194312763242,3.98654872628676,2.7974275,47.165125,0.5192475,4.35213826872837,1.35637765761822,53.905175,7.87468225453308,2.6693979367615
"211","Dylan Heid",NA,"NA473",-18.8457419501107,NA,3,41,0,4.80916030534351,1.52671755725191,39.3,9.38931297709924,1.70833333333333
"212","Dylan Lee","RP","RP30",-0.509748295748224,5.66700925206351,2.7029175,46.5342,0.015224275,3.77350602590389,1.2043528751535,44.99325,9.30823623543531,3.73671130026298
"213","Dylan Ray",NA,"NA628",-26.5265059386764,NA,7,81,0,4.46871896722939,1.3604766633565,100.7,7.23932472691162,2.18918918918919
"214","Dylan Smith",NA,"NA639",-27.0011457679652,NA,4,53,0,4.51783355350066,1.34742404227213,75.7,6.30118890356671,2.30434782608696
"215","Dylan Spain",NA,"NA538",-20.746130144058,NA,2,26,0,5.10810810810811,1.43243243243243,37,6.32432432432432,2.36363636363636
"216","Dylan Tebrake",NA,"NA219",-11.6490132203358,NA,2,44,0,4.01985111662531,1.43920595533499,40.3,9.82630272952854,2.0952380952381
"217","Easton Lucas",NA,"NA444",-17.9079305293513,NA,1,42,0,4.3125,1.41666666666667,48,7.875,2.21052631578947
"218","Easton McGee",NA,"NA601",-23.9636069536335,NA,4,51,0,4.48230668414155,1.29750982961992,76.3,6.01572739187418,3.1875
"219","Edgar Barclay",NA,"NA616",-25.5169559566316,NA,4,71,0,4.67040673211781,1.34642356241234,71.3,8.96213183730715,2.29032258064516
"220","Eduard Bazardo",NA,"NA56",-4.00130088039394,NA,3,50,0,4,1.22222222222222,54,8.33333333333333,3.125
"221","Eli Morgan","RP","RP74",-5.41567573346343,1.97011565007087,3.09202,64.716475,0.0384375,4.12203291113898,1.22499051378301,63.183775,9.21832028871336,3.41414451818479
"222","Elieser Hernández",NA,"NA286",-13.8050186586646,NA,6,86,0,4.39285714285714,1.25,84,9.21428571428571,3.44
"223","Elvis Peguero","RP","RP150",-9.29172338275876,1.68188774453163,2.972385,53.105325,0.07624875,4.16887571331606,1.31898392706859,57.421075,8.32356282079359,2.42334321663132
"224","Emerson Hancock","SP/RP","SP/RP502",-19.5970551703904,8.03097342030294,4.67527,65.127325,0,4.56019370155015,1.34189632313191,81.7598,7.16912131634373,2.25137302925471
"225","Emilio Marquez",NA,"NA512",-19.8961726091304,NA,3,45,0,4.72795497185741,1.40712945590994,53.3,7.5984990619137,2.14285714285714
"226","Emilio Pagán","RP","RP170",-9.90405515192835,1.80260953595804,3.090845,65.418375,2.43597,4.58257807432861,1.27967556705944,62.481325,9.42306161080931,2.8764939056564
"227","Enmanuel Mejia",NA,"NA438",-17.8032001350459,NA,3,48,0,4.5,1.47916666666667,48,9,1.77777777777778
"228","Erasmo Ramírez",NA,"NA275",-13.4885784086505,NA,3,54,0,4.28571428571429,1.2987012987013,69.3,7.01298701298701,3.17647058823529
"229","Eric Lauer","SP","SP558",-21.2604163656036,4.02335269888436,3.68069333333333,58.0172,0,4.68671161580196,1.37793927521436,65.2045666666667,8.00794831854824,2.28033518850423
"230","Eric Orze",NA,"NA501",-19.579888722882,NA,3,59,0,4.55696202531646,1.46473779385172,55.3,9.60216998191682,1.90322580645161
"231","Erik Miller","RP","RP383",-16.5287618751458,4.78700837390851,1.693025,43.72405,0,4.33445766499649,1.48458776273501,40.8539,9.63228602410052,1.80645421174293
"232","Erik Swanson","RP","RP8",3.85627185634398,3.35451576671086,3.0889425,61.878175,2.6851575,3.76159559797987,1.17921263297396,55.838,9.97355877717683,3.57695403669261
"233","Ethan Roberts",NA,"NA85",-6.17161820976037,NA,3,39,0,4.18604651162791,1.26614987080103,38.7,9.06976744186046,3
"234","Evan Gates",NA,"NA443",-17.8818220110721,NA,4,49,0,4.58490566037736,1.45283018867925,53,8.32075471698113,2.04166666666667
"235","Evan McKendry",NA,"NA583",-22.9632895828166,NA,7,89,0,4.41100601891659,1.28976784178848,116.3,6.88736027515047,2.87096774193548
"236","Fernando Abad",NA,"NA401",-16.968342582954,NA,2,28,0,4.75,1.41666666666667,36,7,2.8
"237","Fineas Del Bonta-Smith",NA,"NA448",-17.9376968078896,NA,2,38,0,4.56953642384106,1.41280353200883,45.3,7.54966887417219,2.11111111111111
"238","Francis Peguero",NA,"NA277",-13.5375580839456,NA,3,28,0,4.64373464373464,1.32678132678133,40.7,6.19164619164619,2.8
"239","Francisco Pérez",NA,"NA406",-17.0146762713296,NA,3,58,0,4.39024390243902,1.46341463414634,53.3,9.79362101313321,1.87096774193548
"240","Franco Aleman",NA,"NA33",-1.07726604692103,NA,5,55,0,3.94881170018282,1.26142595978062,54.7,9.04936014625229,2.89473684210526
"241","Franklin Dacosta",NA,"NA529.5",-20.4848968998218,NA,2,35,0,4.81395348837209,1.44186046511628,43,7.32558139534884,1.84210526315789
"242","Freddy Tarnok",NA,"NA668",-28.6300145373192,NA,3,65,0,4.375,1.43055555555556,72,8.125,1.96969696969697
"243","Gabe Speier","RP","RP13",2.50374146533811,2.40464533365885,2.44262,60.107175,0.6051575,3.60045956138639,1.18702292404428,57.3808,9.42762343850208,3.71586456950418
"244","Garrett Acton",NA,"NA101",-7.17642833486043,NA,4,51,0,4.15094339622642,1.34171907756813,47.7,9.62264150943396,2.55
"245","Garrett Cleavinger","RP","RP35",-1.62440080384832,3.00538474210689,2.1948875,57.255025,0.011926275,3.62607483347176,1.2709850312827,44.48945,11.5824139206036,2.61790812063268
"246","Garrett Stallings",NA,"NA656",-27.7893147551339,NA,7,86,0,4.54054054054054,1.32432432432432,111,6.97297297297297,2.7741935483871
"247","George Soriano","SP/RP","SP/RP271",-13.3262657274976,6.76482524781229,2.12922666666667,55.0622,1.001123,4.29566588862378,1.37147873237531,57.9088333333333,8.55758563028669,2.2290824395589
"248","Gerardo Reyes",NA,"NA498",-19.4893995060059,NA,3,52,0,4.7568710359408,1.47991543340381,47.3,9.89429175475687,1.92592592592593
"249","Giovanny Gallegos","RP","RP5",4.97417146772047,3.88023170062244,3.219745,67.301475,4.390005,3.86348624849162,1.16515987493068,61.717775,9.81424354653096,3.77302236013354
"250","Glenn Otto",NA,"NA633",-26.6761298616802,NA,5,87,0,4.61801596351197,1.34549600912201,87.7,8.92816419612315,2.23076923076923
"251","Grant Anderson","RP","RP191",-10.8958978217526,6.08613876198262,2.08322,46.8695,0.008573125,4.32979547471616,1.32145147530532,46.506475,9.07025312066761,2.60252731586173
"252","Grant Hartwig",NA,"NA366",-16.0208025955542,NA,5,59,0,4.57627118644068,1.42372881355932,59,9,2.03448275862069
"253","Grant Holman",NA,"NA195",-11.0102214400144,NA,1,42,0,4.04710920770878,1.30620985010707,46.7,8.09421841541756,2.8
"254","Grant Holmes",NA,"NA460",-18.3177579230577,NA,4,52,0,4.5,1.46428571428571,56,8.35714285714286,2.16666666666667
"255","Greg Weissert","RP","RP290",-13.8786491979875,3.37768020449624,2.84231,55.433,0.023770475,4.42917036204797,1.39692050489329,51.9793,9.59799381676937,2.22072659459611
"256","Gregory Santos","RP","RP17",2.26754554280443,5.53298402941087,2.2500925,60.91935,3.202115,3.54585713524743,1.22797336600437,58.665625,9.34574804240132,3.30217947797146
"257","Guillermo Zuñiga",NA,"NA397",-16.8640605588955,2.75111635870501,2.3177,50.0838,2.092,4.66975862068966,1.43582654127482,47.85,9.42015047021944,2.05657619184495
"258","Gunnar Hoglund",NA,"NA609",-24.5931667241492,NA,3,36,0,4.41307578008915,1.3075780089153,67.3,4.81426448736998,2.76923076923077
"259","Génesis Cabrera","RP","RP157",-9.47045728942875,2.39626756212336,2.72906,57.594025,0.83358325,4.15550470792294,1.33296853813486,58.1148,8.91934971814409,2.25429059293798
"260","Hagen Danner",NA,"NA96",-6.82713642129346,NA,2,41,0,4.08060453400504,1.25944584382872,39.7,9.29471032745592,2.92857142857143
"261","Harold Chirino",NA,"NA388",-16.6236199911419,NA,2,42,0,4.80916030534351,1.39949109414758,39.3,9.61832061068702,2.21052631578947
"262","Hayden Harris",NA,"NA87",-6.32733629055122,NA,5,59,0,4.18994413407821,1.34078212290503,53.7,9.88826815642458,2.56521739130435
"263","Hayden Juenger",NA,"NA598",-23.865403195494,NA,4,72,0,4.32467532467532,1.37662337662338,77,8.41558441558442,2.18181818181818
"264","Hayden Seig",NA,"NA377",-16.3560210430071,NA,4,45,0,4.66071428571429,1.35714285714286,56,7.23214285714286,2.64705882352941
"265","Hayden Wesneski","SP/RP","SP/RP294",-14.1107524693876,8.34867714882189,3.25693,60.488825,0,4.38882917884292,1.30222422902491,65.2226,8.34679121960793,2.66907994599079
"266","Hoby Milner","RP","RP47",-3.38108226923644,2.03914390020023,2.4797975,55.45355,0.08339375,3.89734202877599,1.23701609256461,59.4871,8.38975088716713,3.41528991152841
"267","Huascar Brazoban",NA,"NA354",-15.7902905318941,NA,3,62,0,4.31616341030195,1.43872113676732,56.3,9.91119005328597,2.21428571428571
"268","Huascar Ynoa","RP","RP196",-11.0596985372541,6.39198572027176,3.0975925,51.9354,0,4.30522152632453,1.32192656126983,50.139075,9.32244162861002,2.72321571362279
"269","Hunter Gaddis","SP/RP","SP/RP420",-17.3838709361337,4.23973293020655,1.999985,34.4003,0,4.9177548833038,1.3394458176268,41.1453,7.52461885075574,2.49336256727128
"270","Hunter McMahon",NA,"NA560",-21.3001201066771,NA,2,47,0,4.66248037676609,1.33437990580848,63.7,6.64050235478807,2.47368421052632
"271","Hunter Stratton","RP","RP384",-16.5596133205021,3.29860697497026,2.79982333333333,56.6827666666667,0.0150131,4.39977938546529,1.4256117244302,55.4511666666667,9.19989480233358,2.03554610159996
"272","Hunter Strickland",NA,"NA580",-22.6926965050047,NA,1.6348,31.6213,0,5.31547297297297,1.51915405405405,37,7.69166756756757,1.72641159192409
"273","Hyun Jin Ryu",NA,"NA524",-20.3486046936751,NA,6,67,0,4.38006952491309,1.30938586326767,86.3,6.98725376593279,3.19047619047619
"274","Ian Gibaut","RP","RP352",-15.7638737537682,1.39774693208453,2.811025,53.5373,0.295995,4.59821591550522,1.39485752317513,53.41395,9.02078389634169,2.38939135285914
"275","Ian Kennedy",NA,"NA543",-20.8074964642148,NA,1,35,0,5.09915014164306,1.44475920679887,35.3,8.92351274787536,2.5
"276","Ian Seymour",NA,"NA632",-26.6140511700619,NA,1,57,0,4.47602131438721,1.3854351687389,56.3,9.11190053285968,2.19230769230769
"277","Indigo Diaz",NA,"NA479",-19.0118059641195,NA,2,42,0,4.93472584856397,1.4621409921671,38.3,9.86945169712794,1.90909090909091
"278","Isaac Coffey",NA,"NA625",-26.2854724538207,NA,8,94,0,4.61116193961574,1.32662397072278,109.3,7.74016468435499,2.84848484848485
"279","Isaiah Campbell","RP","RP146",-9.16305513965808,4.35410216045372,4.51560666666667,51.9479333333333,0.790965,4.26350099750144,1.36411500196276,53.7509666666667,8.69810217366633,2.4781757610934
"280","J.B. Bukauskas",NA,"NA138",-8.94705396592319,1.08156026626153,2.57780333333333,40.7061666666667,0.0111767,4.09674353424353,1.3260952010952,43.2432,8.47197940947941,2.65317539807897
"281","J.P. Feyereisen","RP","RP181",-10.5564984006442,5.37969650051196,2.74394333333333,42.5306333333333,0,4.48778294962694,1.33775219820695,43.3042333333333,8.83922126166264,2.26138162174042
"282","JP Sears","SP","SP165",-9.74379590950262,2.19699948551601,7.915655,143.9015,0,4.31353485217253,1.26139568287914,156.64375,8.267891313889,2.92720707892596
"283","JT Brubaker","SP/RP","SP/RP667",-28.5442231827648,NA,4,86,0,4.61801596351197,1.34549600912201,87.7,8.82554161915621,2.7741935483871
"284","JT Chargois",NA,"NA369",-16.146693535056,6.93377287894771,1.94762,44.326425,0.0645585,4.34985486850207,1.37201231823177,49.45515,8.06665888183536,2.18805702340023
"285","Jack Cushing",NA,"NA614",-25.1793227232914,NA,6,82,0,4.25454545454545,1.34545454545455,110,6.70909090909091,2.73333333333333
"286","Jack Dashwood",NA,"NA487",-19.272932455849,NA,3,54,0,4.61897356143079,1.35303265940902,64.3,7.55832037325039,2.84210526315789
"287","Jack Leftwich",NA,"NA568",-21.4385432753312,NA,6,50,0,4.43661971830986,1.35211267605634,71,6.33802816901408,2.27272727272727
"288","Jack Neely",NA,"NA39",-2.53912238350379,NA,5,65,0,4.16809605488851,1.25214408233276,58.3,10.0343053173242,2.82608695652174
"289","Jack Snyder",NA,"NA144",-9.15683106996229,NA,4,40,0,4.18604651162791,1.35306553911205,47.3,7.61099365750529,2.5
"290","Jackson Rose",NA,"NA320",-14.8045063295657,NA,2,37,0,4.42622950819672,1.38173302107728,42.7,7.79859484777518,2.64285714285714
"291","Jackson Rutledge",NA,"NA676",-34.8865927790731,8.14732087332721,3.61463,56.3786,0,5.27340219648175,1.45569625121304,78.0065666666667,6.50467546108298,1.82979676353557
"292","Jackson Stephens",NA,"NA324",-14.8343533295824,NA,3,45,0,4.43786982248521,1.38067061143984,50.7,7.98816568047337,2.5
"293","Jacob Barnes",NA,"NA480",-19.0199394563265,NA,1.9246,34.0166,0,4.77335454545455,1.4413,44,6.95794090909091,1.98605767265891
"294","Jacob Latz","SP/RP","SP/RP129",-8.61276659925402,4.23765745160118,2.093995,51.29215,0,4.03999065411668,1.32602120162263,47.29355,9.76093674507412,2.52605982703938
"295","Jacob Lopez","SP/RP","SP/RP613",-25.0614376360563,NA,4,95,0,4.3125,1.35416666666667,96,8.90625,2.31707317073171
"296","Jacob Waguespack","RP","RP242",-12.4295299474623,5.78181363416574,3.364645,54.940075,0,4.23384293821378,1.3482313971986,57.722825,8.56612050778873,2.42941807247562
"297","Jacob Webb",NA,"NA218",-11.635155310477,2.14589408415632,2.56576,55.628525,0.0824055,4.33092973816833,1.34222034027737,54.671575,9.15753250203602,2.38944394451257
"298","Jaime Arias",NA,"NA642",-27.2498780166394,NA,3,47,0,4.59637561779242,1.3838550247117,60.7,6.96869851729819,2.23809523809524
"299","Jaime Barria",NA,"NA470",-18.8213781058566,NA,4,65,0,4.16370106761566,1.29300118623962,84.3,6.93950177935943,2.6
"300","Jake Bird","RP","RP548",-20.9831341119432,1.59507173888795,2.60088666666667,55.472,0.906335666666667,4.5732748714598,1.44284920732254,64.6879333333333,7.71779177775556,2.17873606181569
"301","Jake Cousins",NA,"NA237",-12.2096684081784,1.50736114201556,2.185,49.01735,0,4.36377689694224,1.36901472253681,44.15,9.99221177802945,2.28594779624025
"302","Jake Diekman","RP","RP199",-11.1603259940073,5.14366309309509,2.53815,68.8196666666667,0.227836666666667,4.01499810602354,1.41442968281363,57.9028666666667,10.696827906045,1.96352165010419
"303","Jake Eder",NA,"NA506",-19.7322375772583,7.01983997340525,2.08912666666667,37.0314,0,4.88436931191039,1.44101338410123,43.4570333333333,7.66924418065047,1.87442233226756
"304","Jake Irvin","SP","SP681",-39.7424293466066,2.648865462705,5.45403333333333,95.4152333333333,0,5.03583116369509,1.41388513550627,121.372,7.07524882180404,2.02914426599521
"305","Jakob Hernandez",NA,"NA220",-11.6711677787087,NA,2,42,0,4.41860465116279,1.34366925064599,38.7,9.76744186046511,2.47058823529412
"306","Jakob Junis","RP","RP235",-12.1792951847187,3.21829158643678,5.272245,97.43255,0.05093125,4.40712354278961,1.2757952851944,100.5174,8.72379259710259,3.49723258159577
"307","Jalen Beeks",NA,"NA535",-20.6517752835173,5.74224972499913,2.30805666666667,52.6816333333333,0.157879666666667,4.72242455209602,1.44710070350399,55.1904,8.59089080709689,2.35422687107864
"308","James Kaprielian",NA,"NA588",-23.1835688807724,4.53955139993764,2.67284,53.0391333333333,0,4.80415224230298,1.37890445038238,60.7768,7.85418449145068,2.12071704651473
"309","James Karinchak","RP","RP48",-3.44271893285845,3.64846820421113,2.6665475,63.2975,0.2528575,3.87043202883947,1.3005984232585,47.9343,11.8845482253835,2.37776607004169
"310","James Meeker",NA,"NA582",-22.9445556511041,NA,5,52,0,4.54183266932271,1.30146082337317,75.3,6.21513944223108,3.05882352941176
"311","James Naile",NA,"NA551",-21.1080604856314,NA,4,52,0,4.51936872309899,1.40602582496413,69.7,6.71449067431851,2.26086956521739
"312","Jameson Taillon","SP","SP364",-15.9493220612119,4.87187527769333,7.5037125,116.00975,0.0342175,4.53176725856553,1.26965237145904,134.80625,7.7450989846539,3.25216226084775
"313","Janson Junk",NA,"NA313",-14.5614466119122,NA,1.7359,26.5943,0,4.80010847977203,1.3407533137602,37.0576,6.45882895816243,2.79566264047011
"314","Jared Shuster","SP","SP670",-29.0768894923072,2.72031778544382,3.01075,45.4997,0,5.13668718247959,1.44920265167011,64.7793,6.3214221209553,1.74885170792831
"315","Jarlín García",NA,"NA103",-7.19133637814483,NA,2,46,0,4.09090909090909,1.21818181818182,55,7.52727272727273,2.875
"316","Jarod Bayless",NA,"NA83",-6.1550641703471,NA,3,35,0,4.41860465116279,1.18863049095607,38.7,8.13953488372093,3.5
"317","Jason Blanchard",NA,"NA546",-20.9633386070261,NA,2,44,0,4.69565217391304,1.47826086956522,46,8.60869565217391,1.91304347826087
"318","Jay Jackson","RP","RP98",-6.85665867126019,5.64409254896152,2.4261175,50.2866,0.00802325,4.22058583220824,1.27518375674462,47.273775,9.57358281626547,3.07256046705588
"319","Jeff Bain",NA,"NA513",-19.9323454009039,NA,3,47,0,4.54976303317536,1.37440758293839,63.3,6.6824644549763,2.47368421052632
"320","Jeff Belge",NA,"NA539",-20.768249743077,NA,3,47,0,4.73684210526316,1.55606407322654,43.7,9.67963386727689,1.62068965517241
"321","Jeff Brigham",NA,"NA564",-21.3527494175612,NA,2,46,0,4.96688741721854,1.43487858719647,45.3,9.13907284768212,1.91666666666667
"322","Jeremiah Estrada","RP","RP261",-13.0038767619635,3.25345578744917,1.7192325,55.14065,0,4.33094833329565,1.38791700473302,47.543675,10.438104542823,2.12741786446648
"323","Jesse Chavez","RP","RP177",-10.081934236377,3.34059337992644,2.0481425,42.883575,0.071814,4.23512369267718,1.3448691818144,41.470725,9.30661749945293,2.87105915040337
"324","Jesse Hahn",NA,"NA536",-20.6633816986036,NA,2,36,0,5.00994035785288,1.31212723658052,50.3,6.44135188866799,3
"325","Jesse Scholtens",NA,"NA605",-24.2578855207682,1.6574778289681,1.680875,34.46715,0.0060756,5.30428168928017,1.4408913438686,45.8207,6.76996095651092,2.16917093309754
"326","Jhon Romero",NA,"NA375",-16.3317656178376,NA,2,41,0,4.5,1.40909090909091,44,8.38636363636363,2.27777777777778
"327","Jimmy Cordero",NA,"NA112",-7.98230468630692,NA,1,49,0,4.31654676258993,1.19904076738609,41.7,10.5755395683453,3.26666666666667
"328","Jimmy Herget","RP","RP258",-12.9924620184397,1.85242738748349,2.355685,44.4368,0.25093,4.47885379254193,1.32533346371785,47.04035,8.50187551750784,2.73485000015386
"329","Jimmy Joyce",NA,"NA404",-16.9942758575706,NA,3,62,0,4.30278884462151,1.22177954847278,75.3,7.41035856573705,3.1
"330","Jimmy Lambert",NA,"NA562",-21.3369116123768,2.90501719281398,1.483445,38.2009,0.81847,5.24467526801696,1.50453784316116,38.96675,8.82311457845471,1.91437147954377
"331","JoJo Romero","RP","RP7",4.22017004907041,1.80558851243858,3.5821775,63.76985,2.3847,3.47278510977122,1.24414299147941,57.504825,9.98053032941149,3.00772095151176
"332","Joan Adon",NA,"NA624",-26.2622442017304,3.30412123492984,2.50736333333333,48.2818333333333,0,5.00328558901582,1.47408841378999,57.6659666666667,7.53540649915404,1.89865693866957
"333","Joe Barlow",NA,"NA515",-19.9946512479456,NA,2,42,0,4.67307692307692,1.38461538461538,52,7.26923076923077,2
"334","Joe Boyle","SP/RP","SP/RP655",-27.7654929255214,1.65691009184614,5.25649666666667,105.023333333333,0,4.48013293904051,1.48876292425453,98.9225333333333,9.55505250573176,1.69571161008374
"335","Joe Jiménez","RP","RP19",1.67128480516204,3.42115509889501,3.0246225,75.3896,2.09735,3.94448220671482,1.2076672513772,60.870575,11.1467059412532,3.63971945189078
"336","Joe Kelly","RP","RP4",5.13091664865776,5.08635604626272,3.18613333333333,71.9768333333333,2.29799666666667,3.35737989560007,1.2454369370129,57.3244333333333,11.3004431501867,2.80475481020896
"337","Joe La Sorsa",NA,"NA423",-17.4025533703723,2.8788367104975,1.80075,37.0492,0,4.6205443668993,1.33997507477567,50.15,6.64890927218345,2.54073144471647
"338","Joe Mantiply","RP","RP124",-8.40469319467519,2.11887882139015,2.60189,44.217825,0.12223075,4.0511941813245,1.31487984776411,52.444925,7.5881589114676,3.00108423063741
"339","Joe Ross","SP/RP","SP/RP380",-16.4787621360856,0.751651672448765,4.47066666666667,75.0876,0,4.56943214223458,1.3326106126612,84.7107666666667,7.97759749547775,2.62185308214634
"340","Joel Kuhnel",NA,"NA273",-13.3847456947273,NA,3,36,0,4.47204968944099,1.32505175983437,48.3,6.70807453416149,2.57142857142857
"341","Joely Rodríguez","RP","RP331",-15.0708831014806,4.55627966564326,2.15647333333333,48.2263,0,4.27189877231302,1.4337701790063,50.4526,8.60286090310509,2.18348968614738
"342","Joey Estes",NA,"NA265",-13.0776262053078,5.32785560249789,2.57311,46.6738666666667,0,4.63668928912339,1.29054297392648,57.1998,7.34381588746814,2.50135945778893
"343","Joey Krehbiel",NA,"NA452",-18.0172408855001,NA,2,35,0,4.6,1.4,45,7,1.84210526315789
"344","Joey Lucchesi",NA,"NA281",-13.5707082052225,1.54932449106537,2.53934,37.4846666666667,0,4.40629113346988,1.35626998038792,46.7229,7.22048502982478,2.22393617757632
"345","Joey Wentz",NA,"NA399",-16.9537495391238,7.70529640480685,3.14121333333333,64.2721,0,4.51054898180897,1.36844934290255,67.4709666666667,8.57330091115734,2.32759170153333
"346","Johan Oviedo","SP","SP571",-21.9380694659214,NA,8,145,0,4.22818791946309,1.32885906040268,149,8.75838926174497,2.33870967741935
"347","John Brebbia","SP/RP","SP/RP134",-8.79628724905051,5.51400070147663,2.8465875,56.624475,3.976025,4.36977403337872,1.28010317208923,54.695025,9.31748865641802,3.04087293329485
"348","John King",NA,"NA230",-11.9171015546637,2.40259694127113,2.51696666666667,28.1982666666667,0.132265333333333,4.08726863468635,1.38051955719557,45.1666666666667,5.61884280442804,2.19948987418457
"349","John McMillon","RP","RP326",-14.8668296409453,3.69792715592419,2.82415,58.5213,2.51565,4.41044740581648,1.47634602364604,48.2984333333333,10.9049437766442,1.89651600163333
"350","John Means","SP/RP","SP/RP82",-6.1479271751949,7.30543294254994,6.608825,86.6523,0,4.31594327275362,1.21695612990295,110.4055,7.06369429059241,3.29471414883424
"351","John Schreiber","RP","RP71",-5.23956545703815,4.44884991638652,2.7991525,59.7601,1.564285,3.91491801312989,1.3014154101342,60.0462,8.95711801912527,2.57377795818695
"352","Johnny Cueto",NA,"NA517",-20.1682907225163,1.18802089899221,2.15892666666667,30.3293666666667,0,5.12881907731046,1.3907073176155,43.4736333333333,6.27884717863471,2.48314379828777
"353","Jonathan Hernández",NA,"NA357",-15.8489212540297,2.98107865321571,2.307955,51.536125,0.180701,4.37853459544367,1.427948793847,51.773075,8.95880967085691,2.0390077586241
"354","Jonathan Loáisiga","RP","RP31",-0.651581411401461,5.61632762415476,3.2219175,45.52345,3.355605,3.83880868554944,1.23819781763166,55.322925,7.40580961689932,2.89741435549827
"355","Jonathan Stiever",NA,"NA661",-28.1106806393247,NA,4,54,0,4.73684210526316,1.40350877192982,62.7,7.7511961722488,2.45454545454545
"356","Jordan Holloway",NA,"NA559",-21.2945201141937,NA,3,48,0,4.78060046189376,1.57043879907621,43.3,9.97690531177829,1.6
"357","Jordan Leasure","RP","RP232",-11.9225392503764,1.46879293413516,2.42864333333333,57.7338,4.67626333333333,4.42603387744562,1.36491663110676,54.6027,9.51608986368806,2.27140738253889
"358","Jordan Lyles",NA,"NA677",-35.1990975376904,5.57011559866229,4.36800333333333,69.6662333333333,0,5.27061469239356,1.38222111493303,96.0637666666667,6.52687398960343,2.48965357863125
"359","Jordan Weems",NA,"NA439",-17.8286928218306,2.27144814944554,2.617845,62.794125,0.010980775,4.63941019252877,1.38236065629257,62.043975,9.1088155618656,2.19671633645788
"360","Jorge Alcala","RP","RP131",-8.66680435971609,2.07650002811685,2.4884925,51.122625,0.793955,4.29310603803534,1.29944047007058,50.430725,9.12347829621724,2.65266160583639
"361","Jorge López","RP","RP317",-14.6729503308815,6.71067531504587,2.8881625,56.325725,0.1379945,4.45514850135677,1.35895406804092,60.52975,8.374915227636,2.4617698509736
"362","Josan Méndez",NA,"NA556",-21.187567692995,NA,3,29,0,4.6927374301676,1.39664804469274,53.7,4.86033519553073,1.93333333333333
"363","Jose A. Ferrer",NA,"NA350",-15.6575959263739,4.22809598671357,2.8886,42.02175,0,4.44813998082454,1.37562032598274,52.15,7.2520757430489,2.22698450132093
"364","Jose Cuas","RP","RP276",-13.5362470987424,1.68757779637394,2.71344,55.67365,0.07094075,4.28182916016167,1.39666844364178,55.1499,9.08547159650335,2.21400293881966
"365","Jose Hernandez","RP","RP140",-9.00676713740056,3.808932275876,1.68175333333333,45.435,0,4.0907873195416,1.33740935793062,41.8817666666667,9.76355661532903,2.42388515153617
"366","Josh Dye",NA,"NA449",-17.9566727049073,NA,3,33,0,4.72647702407002,1.40043763676149,45.7,6.49890590809628,2.2
"367","Josh Fleming","SP/RP","SP/RP392",-16.7541543814521,4.35065483268295,1.94764,28.5558333333333,0,4.30399047746697,1.42831050735684,47.9984333333333,5.35439351145489,2.01802304764059
"368","Josh Maciejewski",NA,"NA505",-19.7026161016548,NA,4,45,0,4.82142857142857,1.39285714285714,56,7.23214285714286,2.14285714285714
"369","Josh Simpson",NA,"NA305",-14.3929965021239,NA,2,54,0,4.42953020134228,1.40939597315436,44.7,10.8724832214765,2.25
"370","Josh Staumont",NA,"NA228",-11.9155113678226,4.47505135514448,1.5631275,45.674525,0.15687525,4.3414625260443,1.3749060143882,39.799975,10.3284166635783,2.18079282849503
"371","Josh Stephan",NA,"NA596",-23.7817436992334,NA,6,76,0,4.53450164293538,1.31434830230011,91.3,7.49178532311062,2.62068965517241
"372","Josh Taylor",NA,"NA133",-8.72743734445515,NA,1.8077,35.6888,0,3.94295,1.34482777777778,36,8.9222,2.42334200215928
"373","Josh Walker",NA,"NA336",-15.1898229623731,NA,4,55,0,4.40134907251265,1.39966273187184,59.3,8.34738617200675,2.39130434782609
"374","Josh Winckowski","RP","RP419",-17.3253253119927,4.9792044053156,4.5029275,74.636475,0.27682,4.30502525628233,1.3684176660336,85.864775,7.82309480226321,2.49945916168387
"375","Josh Winder",NA,"NA602",-24.0660744336597,NA,5,61,0,4.51882845188284,1.36680613668061,71.7,7.65690376569038,2.44
"376","Josiah Gray","SP","SP687",-49.5659293290467,12.04582738611,7.51431666666667,147.765333333333,0,5.06782054034162,1.4199521604465,163.045,8.15657027201079,2.0261597732582
"377","José Castillo",NA,"NA303",-14.3779264894061,NA,3,40,0,4.5,1.47368421052632,38,9.47368421052632,2
"378","José Cisnero",NA,"NA252",-12.8143631348969,1.27061015862414,2.49482,56.5843,0.293720333333333,4.35768673640994,1.38140888737294,53.4563666666667,9.52662389450337,2.27790809083028
"379","José Mujica",NA,"NA497",-19.4547018332635,NA,3,45,0,4.70489038785835,1.34907251264755,59.3,6.82967959527825,2.64705882352941
"380","José Quijada","RP","RP233",-12.0227421672881,NA,2,46,0,4.58015267175572,1.32315521628499,39.3,10.5343511450382,2.55555555555556
"381","José Ruiz",NA,"NA223",-11.6855008218983,NA,1.8616,37.764,0,4.33053947368421,1.36723157894737,38,8.9441052631579,2.28044855343329
"382","José Suarez",NA,"NA405",-16.9975109532648,4.78826021943799,3.2927075,59.4986,0,4.49875196089477,1.34561819300641,63.45955,8.4382476711543,2.49728125714837
"383","José Urquidy","SP/RP","SP/RP359",-15.9092479160975,6.90876694169193,5.274245,73.6014,0.001681865,4.61207449368205,1.274913608581,91.8494,7.21194259298373,2.90175994701235
"384","Jovani Moran",NA,"NA251",-12.7751873311334,NA,2,76,0,4.27787934186472,1.38939670932358,54.7,12.5045703839122,2.3030303030303
"385","Juan Mercedes",NA,"NA643",-27.2623054866245,NA,4,62,0,4.55696202531646,1.34177215189873,79,7.06329113924051,2.48
"386","Juan Sanchez",NA,"NA365",-15.9508600678896,2.69271630635991,3.8983,46.52865,0,4.4609526159921,1.45415695952616,50.65,8.2676771964462,1.87915582946964
"387","Julian Merryweather","RP","RP38",-2.41516642706638,6.16190791065409,2.9911425,75.7057,2.5035025,3.96055140371255,1.28440976864129,61.59915,11.0610503554026,2.95521930702007
"388","Julio Urías","SP","SP1",28.5318466614936,NA,13,139,0,3.6986301369863,1.0958904109589,146,8.56849315068493,4.48387096774194
"389","Justin Bruihl",NA,"NA540",-20.7712404197575,NA,3,44,0,4.92452830188679,1.37735849056604,53,7.47169811320755,2.2
"390","Justin Hagenman",NA,"NA510",-19.8191137853022,NA,3,61,0,4.56521739130435,1.36231884057971,69,7.95652173913043,2.9047619047619
"391","Justin Lawrence","RP","RP267",-13.1069948136871,4.83451179804835,3.357835,67.554725,16.52165,4.58956397213136,1.46366549359716,65.25615,9.3170149480164,2.07386256364287
"392","Justin Sterner",NA,"NA185",-10.7000498720829,NA,4,52,0,4.43786982248521,1.34122287968442,50.7,9.23076923076923,2.47619047619048
"393","Justin Topa","RP","RP206",-11.3444479419464,2.95241567449988,2.889525,45.903075,0.2574725,4.24065084082194,1.35069036496323,53.5369,7.71669026409822,2.67096523613766
"394","Justin Wilson","RP","RP325",-14.8494589480776,NA,2.503,50.9096,0,4.46356730769231,1.39494038461538,52,8.81127692307692,2.28174455554709
"395","Justin Yeager",NA,"NA436",-17.7325176552048,NA,2,45,0,4.65116279069767,1.49870801033592,38.7,10.4651162790698,1.875
"396","Kai-Wei Teng","SP/RP","SP/RP200",-11.1642496934063,2.59451213977309,1.83012,46.11685,0,4.17766608469952,1.39895580515214,41.84085,9.9197709893561,2.14408720131481
"397","Keagan Gillies",NA,"NA70",-5.22407354187743,NA,3,37,0,4.07932011331445,1.27478753541076,35.3,9.43342776203966,2.84615384615385
"398","Keegan Thompson","RP","RP482",-19.1023959497748,6.69362866525792,2.847,53.1353,0,4.42872818181818,1.39016272727273,55,8.69486727272727,2.07776063753869
"399","Ken Waldichuk","SP/RP","SP/RP330",-14.9943657573612,3.07062177481531,2.78206666666667,56.2242,0.0007503,4.438596621331,1.36600269937558,58.4332666666667,8.65975545893378,2.19864253806538
"400","Kendall Graveman","RP","RP55",-3.93121092138851,NA,5,61,0,3.96610169491525,1.32203389830508,59,9.30508474576271,2.17857142857143
"401","Kent Emanuel",NA,"NA636",-26.9089065355955,NA,4,53,0,4.48275862068966,1.34099616858238,78.3,6.09195402298851,3.11764705882353
"402","Kervin Castro",NA,"NA398",-16.9502868827918,NA,3,47,0,4.62526766595289,1.43468950749465,46.7,9.05781584582441,1.95833333333333
"403","Kevin Herget",NA,"NA481",-19.0950578119563,NA,4,54,0,4.54680534918276,1.38187221396731,67.3,7.22139673105498,2.57142857142857
"404","Kevin Kelly","RP","RP18",2.17334371029231,5.17566991953611,2.67566666666667,44.5640666666667,0.0907546666666667,3.6009476767329,1.15949263590494,49.5738666666667,8.09048450258739,3.42991356729257
"405","Keynan Middleton","RP","RP64",-4.94590992847856,2.5513625122843,2.015435,49.090925,0.13397425,3.89407231978392,1.27462915795728,45.317475,9.74940296210237,2.68241762745205
"406","Kirby Snead",NA,"NA312",-14.5432163743635,NA,3,39,0,4.53089244851258,1.39588100686499,43.7,8.03203661327231,2.16666666666667
"407","Kody Funderburk","RP","RP60",-4.21418203159761,8.95200002818647,2.999155,56.642225,0.08678975,3.64290655092907,1.29390827536765,51.611,9.87735221173781,2.59105266528519
"408","Kolton Ingram",NA,"NA544",-20.8610694559905,NA,3,58,0,4.68581687612208,1.45421903052065,55.7,9.37163375224416,1.93333333333333
"409","Kyle Backhus",NA,"NA471",-18.832291700557,NA,4,51,0,4.47684391080618,1.45797598627787,58.3,7.87307032590051,1.88888888888889
"410","Kyle Brnovich",NA,"NA528",-20.4803526681238,NA,3,58,0,4.45131375579598,1.28284389489954,64.7,8.06800618238022,2.76190476190476
"411","Kyle Freeland","SP","SP693",-80.2463464226676,8.48741703938076,6.74239,100.205666666667,0,5.71974657468107,1.51236827140757,155.338333333333,5.80572084589552,2.13139604218025
"412","Kyle Gibson","SP","SP634",-26.7659917237581,4.42037453522642,10.0585033333333,136.947333333333,0,4.48823864624181,1.36118492475902,172.556666666667,7.14273185620183,2.44502819707722
"413","Kyle Hendricks","SP","SP629",-26.5302386800523,5.08586854278705,7.5484275,100.958775,0,4.64544969869299,1.32060501944987,139.26825,6.52430812478795,2.89706831838295
"414","Kyle Hurt","SP/RP","SP/RP107",-7.59726599088038,9.38455369747177,2.867555,67.755625,0.011796,4.01362623575066,1.30842361173664,54.675775,11.1530312098914,2.56047074739699
"415","Kyle McGowin",NA,"NA621",-26.0608674558899,NA,4,41,0,4.78178368121442,1.40417457305503,52.7,7.00189753320683,2.05
"416","Kyle Muller","SP/RP","SP/RP599",-23.8910427868898,11.7263632663929,2.66784333333333,57.5704666666667,0,4.61359352216367,1.4475141327681,67.7798333333333,7.64437111333509,1.90662040445945
"417","Kyle Nelson","RP","RP104",-7.37263804875242,1.65871148307062,3.0841175,53.800175,0.01629645,4.09818643670728,1.32388716681801,51.6497,9.37472192481273,2.59028909554428
"418","Kyle Wright","SP","SP638",-26.9954675120341,NA,7,95,0,4.5123062898815,1.34001823154057,109.7,7.79398359161349,2.43589743589744
"419","Lance Lynn","SP","SP143",-9.14827275528645,5.562671385677,9.85117333333333,154.332666666667,0,4.40425967984287,1.27470705805567,163.940333333333,8.4725581054896,3.02514804014644
"420","Lance McCullers Jr.","RP","RP67",-5.11796013896543,4.14088740797844,4.620695,69.13685,0,3.86092505386188,1.30660139282536,68.404125,9.09640537029017,2.39679430622748
"421","Landen Roupp","SP/RP","SP/RP166",-9.85727474089553,11.1096865410517,2.96996,54.2368666666667,0,4.03555174605051,1.2911688119763,56.3891666666667,8.65648188925178,2.64689299082676
"422","Landon Knack","SP/RP","SP/RP635",-26.8491191692661,NA,4,68,0,4.48359659781288,1.34872417982989,82.3,7.43620899149453,2.42857142857143
"423","Logan Gillaspie",NA,"NA253",-12.8323995057847,NA,4,44,0,4.41509433962264,1.35849056603774,53,7.47169811320755,2.44444444444444
"424","Logan VanWey",NA,"NA563",-21.3466784350574,NA,1,45,0,4.63087248322148,1.47651006711409,44.7,9.06040268456376,1.73076923076923
"425","Logan Workman",NA,"NA557",-21.2591370944075,NA,4,65,0,4.31273644388398,1.31147540983607,79.3,7.37704918032787,2.6
"426","Lou Trivino",NA,"NA347",-15.6164773652755,NA,4,44,0,4.84777517564403,1.42857142857143,42.7,9.27400468384075,2.2
"427","Luarbert Arias",NA,"NA171",-9.92879025417687,NA,3,51,0,4.1563055062167,1.31438721136767,56.3,8.15275310834813,2.68421052631579
"428","Lucas Erceg","RP","RP116",-8.13881546198797,6.49939316224175,2.8407975,69.3901,5.5854675,3.94891931199054,1.40538619341643,61.968625,10.0778563345564,1.98200516708774
"429","Lucas Gilbreath",NA,"NA469",-18.76836636162,1.09570515999073,1.65798333333333,39.3719,0.138544666666667,4.75284581772836,1.50274532774002,39.7220333333333,8.92066871366941,1.93781284298912
"430","Lucas Giolito","SP","SP663",-28.2291276314479,NA,10,173,0,4.50834879406308,1.33580705009276,161.7,9.62894248608534,2.93220338983051
"431","Lucas Sims","RP","RP302",-14.3752595736012,3.11776914936295,3.1702225,67.38495,2.0974275,4.7396185517217,1.37104534175935,57.298725,10.5842590738276,2.2035699920536
"432","Luis Cessa",NA,"NA641",-27.2200310166226,NA,2,39,0,4.61100569259962,1.38519924098672,52.7,6.66034155597723,2.05263157894737
"433","Luis Contreras",NA,"NA119",-8.19066887680603,NA,3,63,0,4.17857142857143,1.30357142857143,56,10.125,2.52
"434","Luis F. Ortiz",NA,"NA285",-13.6928596942924,3.67385523318886,2.198465,40.588075,0.00334245,4.53493982467877,1.33496434219963,47.720975,7.6547613497,2.61877133215906
"435","Luis Frías",NA,"NA343",-15.4927908230739,3.29029198896252,2.65114,49.3443,0.0168258,4.2428174799685,1.3982012918659,49.2724,9.01313311306127,2.19459833692347
"436","Luis Garcia","SP","SP10",3.28462092804172,NA,9,120,0,3.82480485689506,1.23156981786644,115.3,9.36686903729402,3
"437","Luis García","RP","RP217",-11.591658788041,4.99780545313638,2.481525,53.870575,0.15884,4.15023129074349,1.35586358831499,57.919525,8.37084169802843,2.53208015426394
"438","Luis Guerrero",NA,"NA593",-23.6190821214409,NA,2.0114,40.8379,0,5.05660909090909,1.53508863636364,44,8.35320681818182,1.72078745665154
"439","Luis L. Ortiz","SP/RP","SP/RP679",-37.0119955765738,2.1910063878901,4.91239333333333,71.7466666666667,0,4.93112301595622,1.48927096219571,95.386,6.76954689367412,1.74815916987617
"440","Luis Medina","SP/RP","SP/RP674",-31.8205537037765,2.34777985018379,5.09228,95.5895666666667,0,4.68353085386739,1.46885190456454,102.3016,8.40950776918445,1.79511709910466
"441","Luke Jackson","RP","RP139",-8.97270713543703,2.4073288580554,2.50948,57.396775,1.0314255,4.05843116560722,1.35305570341065,54.623675,9.4569062773605,2.50556417103837
"442","Luke Little","RP","RP76",-5.62893806945808,2.20582415876234,2.72807666666667,61.7982666666667,0.0222376666666667,3.77342511816259,1.34046359775372,49.7831,11.1721527988414,2.32614058112486
"443","Luke Weaver","SP/RP","SP/RP291",-13.9001557170845,9.1604429620681,2.56978666666667,53.1594666666667,0,4.59152978440273,1.31072503819868,56.7864333333333,8.42516727880427,3.16959322350547
"444","Manuel Rodríguez",NA,"NA127",-8.50768610453234,0.485111589401033,3.11205,49.24505,0,4.07619473684211,1.34823578947368,47.5,9.33064105263158,2.35668480419604
"445","Marc Church",NA,"NA250",-12.7559298240515,1.89947122472516,4.02305,52.23015,0,4.498083,1.398409,50,9.401427,2.21349366954495
"446","Marco Gonzales","SP","SP682",-40.7949149033406,1.6083634103412,6.95941666666667,86.4320333333333,0,4.94716392741184,1.41187964058292,132.436666666667,5.87366263119479,2.07777801817222
"447","Mark Leiter Jr.","RP","RP152",-9.36654260497177,7.58343940303826,2.945355,69.3917,1.2177475,4.2413376862834,1.28926579276564,64.4314,9.69287179853301,2.81856658339934
"448","Mark Washington",NA,"NA464",-18.4838152518544,NA,3,38,0,4.8,1.42222222222222,45,7.6,2
"449","Martín Pérez","SP/RP","SP/RP683",-41.2449209971117,5.02724118088249,7.66029,100.431866666667,0,4.70233811441033,1.44943708177226,143.064,6.31805905049488,1.87018388030648
"450","Mason Black",NA,"NA335",-15.1789350327079,8.63696918284184,3.57792666666667,66.4548666666667,0,4.28174172564417,1.33909900251364,69.0235,8.66507493824567,2.51306357011671
"451","Mason Englert",NA,"NA666",-28.5434183579889,NA,4,64,0,4.68869123252859,1.33418043202033,78.7,7.31893265565438,2.56
"452","Mason Fluharty",NA,"NA188",-10.7716545535083,NA,4,51,0,4.27787934186472,1.35283363802559,54.7,8.39122486288848,2.42857142857143
"453","Mason Fox",NA,"NA555",-21.1686490334196,NA,2,36,0,4.95867768595041,1.54269972451791,36.3,8.92561983471074,1.63636363636364
"454","Mason Montgomery",NA,"NA665",-28.3945824451501,NA,5,105,0,4.30434782608696,1.36521739130435,115,8.21739130434783,2.14285714285714
"455","Mason Thompson","RP","RP346",-15.5879750044594,4.95072141190094,2.4195,37.3153,0.387653333333333,4.50798674692813,1.42715812610279,44.9807666666667,7.46625113103897,1.97564720478479
"456","Mat Olsen",NA,"NA175",-10.0318315295349,NA,4,57,0,4.31616341030195,1.33214920071048,56.3,9.11190053285968,2.59090909090909
"457","Matt Barnes",NA,"NA411",-17.1405673709119,2.54809765778026,1.740305,37.5803,0.1114995,4.85133902677413,1.42446876351925,39.006875,8.67084840813318,2.09783491544252
"458","Matt Canterino",NA,"NA608",-24.5604474744067,NA,1,55,0,4.44241316270567,1.35283363802559,54.7,9.04936014625229,2.11538461538462
"459","Matt Carasiti",NA,"NA646",-27.3205021742962,NA,2.0965,37.977,0,5.18349375,1.55267083333333,48,7.1206875,1.8172030662341
"460","Matt Festa",NA,"NA280",-13.5690840892976,NA,1,44,0,4.39024390243902,1.34146341463415,41,9.65853658536585,2.2
"461","Matt Foster",NA,"NA214",-11.5074842864914,NA,2,37,0,4.41860465116279,1.31782945736434,38.7,8.6046511627907,2.84615384615385
"462","Matt Gage",NA,"NA363",-15.9256526953562,NA,2,41,0,4.57274826789838,1.38568129330254,43.3,8.52193995381062,2.27777777777778
"463","Matt Moore","RP","RP221",-11.6753903325835,5.68054149424749,2.8919125,63.0501,1.8935725,4.33819681649211,1.36150048299708,59.67945,9.50831316307372,2.38464375067369
"464","Matt Sauer",NA,"NA311",-14.4825190225692,6.38995799174718,2.14949333333333,45.3294333333333,0,4.53618824465796,1.3693462847304,49.2508,8.28341671607365,2.27497628635047
"465","Matt Svanson",NA,"NA257",-12.9417665728994,NA,4,44,0,4.41818181818182,1.34545454545455,55,7.2,2.31578947368421
"466","Matt Waldron","SP","SP572",-21.9831246508101,3.18638461469219,4.860015,71.20405,0,4.70229205249773,1.32650852399867,89.71435,7.14307633059817,2.5916201163069
"467","Matt Wisler",NA,"NA259",-12.9960829980021,NA,4,49,0,4.41509433962264,1.37735849056604,53,8.32075471698113,2.33333333333333
"468","Matthew Boyd",NA,"NA541",-20.7768942506811,NA,4,72,0,4.56716417910448,1.3134328358209,67,9.67164179104478,3
"469","Matthew Liberatore","SP/RP","SP/RP370",-16.1795116123743,9.26443732542586,4.7833825,74.383575,0,4.27887064290079,1.35789727768516,82.856875,8.07962133498276,2.29921155794388
"470","Mauricio Llovera",NA,"NA79",-6.07555279319002,NA,1,40,0,3.99477806788512,1.20104438642298,38.3,9.39947780678851,3.33333333333333
"471","Michael Feliz",NA,"NA153",-9.37339030112876,NA,2,37,0,4.37837837837838,1.27027027027027,37,9,2.84615384615385
"472","Michael Flynn",NA,"NA509",-19.8145449900237,NA,2,32,0,5.29411764705882,1.40056022408964,35.7,8.0672268907563,2.13333333333333
"473","Michael Fulmer",NA,"NA193",-10.9857538579568,5.57509923380881,2.47818,42.4899,0.298633666666667,4.35140523579188,1.37423839569925,41.1959333333333,9.28269052446924,2.43052666301842
"474","Michael Grove","SP/RP","SP/RP307",-14.4298506408108,8.04499973295282,2.732795,60.763,0,4.49223554906616,1.30759019584013,58.4201,9.36093912882724,3.10726727648123
"475","Michael Kelly",NA,"NA400",-16.9630381400889,6.91543152934047,1.6675025,47.99795,0,4.47222382548841,1.46024715218697,45.480075,9.49825940260653,1.98740840192083
"476","Michael Lorenzen","SP","SP570",-21.8988445171921,6.04304673255294,5.8836225,86.963975,0.0520605,4.56877192045203,1.33601498503789,105.758825,7.40057177261567,2.30118520439417
"477","Michael Plassmeyer",NA,"NA659",-28.0082628892798,NA,4,79,0,4.45161290322581,1.34408602150538,93,7.64516129032258,2.63333333333333
"478","Michael Soroka","SP","SP328",-14.9203777850419,7.77735268718014,6.36998333333333,106.708633333333,0,4.39144714957786,1.30452023042034,126.262,7.60622911089639,2.53448633499066
"479","Michael Tonkin",NA,"NA145",-9.16154336310007,5.24070857149473,2.9673575,57.817675,0.03450575,4.40151419282094,1.28235580028243,57.093125,9.11421602863742,2.78183244102141
"480","Mick Abel",NA,"NA500",-19.5458641727993,6.23709030314076,2.29739333333333,44.1521333333333,0,4.94159439435246,1.4361592002768,47.1096333333333,8.43498817297807,1.9348479293234
"481","Miguel Castro","RP","RP155",-9.44754714020863,5.04974256071057,3.449105,57.27395,1.35152,4.20013180590995,1.35915983914653,57.698475,8.93378117879199,2.18962437361354
"482","Miguel Díaz","RP","RP194",-11.0010471565379,1.36110648019937,2.07484333333333,47.6709,0.0179698,4.19011767742699,1.34561643854033,49.5875333333333,8.65213635685313,2.3143760154839
"483","Miguel Rodriguez",NA,"NA526",-20.447010452112,NA,3,45,0,4.74645030425964,1.4604462474645,49.3,8.21501014198783,2.14285714285714
"484","Mike Baumann","RP","RP270",-13.2458268643993,7.20307894207373,3.1481175,52.86125,0.0114737,4.22328119050898,1.36400290912495,55.54935,8.56447915232132,2.16695532758744
"485","Mike Clevinger","SP","SP485",-19.262374425055,7.32210605727465,5.93187,86.2092,0,4.64496751791973,1.30873488387357,99.035375,7.83440058665906,2.66741544352266
"486","Mike Vasil",NA,"NA652",-27.6319974775048,NA,5,102,0,4.40616500453309,1.34179510426111,110.3,8.32275611967362,2.48780487804878
"487","Mitch Spence","SP/RP","SP/RP381",-16.515565199043,8.03308726492582,3.6430775,67.91425,0.0618645,4.21628669820326,1.33911533474082,85.32945,7.16315703429472,2.42396797750002
"488","Mitch White",NA,"NA229",-11.9169968510365,4.94687775072224,2.13889666666667,46.2350333333333,0,4.3774412345568,1.33382552393844,50.4321333333333,8.25099539711454,2.45036038582482
"489","Mitchell Parker","SP/RP","SP/RP474",-18.8543723840677,NA,1.7777,32.383,0,4.82221632804626,1.48489735292557,37.702,7.73027956076601,1.69160128294869
"490","Moises Lugo",NA,"NA467",-18.5869199233905,NA,3,66,0,4.5,1.43333333333333,60,9.9,1.94117647058824
"491","Mychal Givens",NA,"NA483",-19.2031179987502,0.254982060853797,1.84545,33.63175,0,4.86120717131474,1.47902788844622,37.65,8.03946215139442,1.8773374789278
"492","Nabil Crismatt",NA,"NA340",-15.2755625951976,NA,4,57,0,4.4104134762634,1.36294027565084,65.3,7.85604900459418,2.85
"493","Nate Lavender",NA,"NA54",-3.7998688993876,NA,4,69,0,4,1.31481481481481,54,11.5,2.55555555555556
"494","Nate Pearson","RP","RP91",-6.53858851991872,5.23853456890572,2.8701975,55.129325,0.9210745,4.12009817270261,1.30544511737204,50.034275,9.9164807524442,2.37547047861167
"495","Nathan Wiles",NA,"NA607",-24.4915144132148,NA,5,66,0,4.4398766700925,1.2846865364851,97.3,6.10483042137718,3.14285714285714
"496","Nelson L. Alvarez",NA,"NA462",-18.4396530381419,NA,4,46,0,4.87584650112867,1.48984198645598,44.3,9.34537246049661,1.76923076923077
"497","Nic Enright",NA,"NA20",1.03781934097043,NA,4,52,0,3.75711574952562,1.21442125237192,52.7,8.88045540796964,3.46666666666667
"498","Nick Anderson","RP","RP179",-10.3136507210913,3.55964763064323,2.27972,44.6995,1.1902475,4.39652430472463,1.30798959573409,49.51815,8.1242029437691,2.96555407386767
"499","Nick Burdi","RP","RP110",-7.9608387067965,5.78781131236364,1.99345333333333,57.0844666666667,0,4.15254581801875,1.31544967247398,47.7214,10.7658241375986,2.59311403721291
"500","Nick Frasso",NA,"NA622",-26.135345947877,NA,5,78,0,4.58471760797342,1.31782945736434,90.3,7.77408637873754,2.68965517241379
